rank,tier,company,country,hq,website,archetype,industry_position,family_island_fit,deal_types,best_entry,contact,score,next_step,source_1,source_2,source_3
1,A,Tilting Point,US,"New York, NY",https://www.tiltingpoint.com/,益世界式发行/增长伙伴,北美移动游戏发行服务商里最接近益世界画像的一类：不是平台巨头，但在外部项目发行、UA、LiveOps、IP合作和资金支持上有明确能力。,适合把项目包装为已在美国验证 CPI/留存的休闲冒险/模拟经营外部项目，先谈发行、UA funding、MG 或带投资条款的合作。,发行/MG；UA funding；战略投资；项目/团队收购讨论,Publishing / Business Development / Corporate Development,官网 contact / LinkedIn 公司页 / BD warm intro,92,第一波优先触达。邮件标题突出 US-tested、casual adventure/simulation、CPI & retention signals。,https://www.tiltingpoint.com/,https://www.tiltingpoint.com/services/,https://www.pocketgamer.biz/the-top-50-mobile-game-makers-of-2024/
2,A,Jam City,US,"Culver City, CA",https://www.jamcity.com/,三七式研运发行公司,北美非平台型移动游戏开发发行商的中上游代表，强在休闲、IP、长线运营和移动端发行，不是 Scopely/Zynga 那种绝对巨头。,其 Cookie Jam、Panda Pop、Disney Emoji Blitz、Harry Potter 等产品线与休闲/轻中度移动用户重合度高。,发行合作；联合开发；项目收购；团队收购；少数股权投资可能性,Corporate Development / Publishing / Studio Leadership,官网 contact / LinkedIn / 洛杉矶游戏圈转介绍,88,作为三七互娱式对标重点触达，强调已验证美国市场和后续内容/LiveOps路线。,https://www.jamcity.com/,https://www.jamcity.com/games/,https://www.pocketgamer.biz/the-top-50-mobile-game-makers-of-2024/
3,A,East Side Games Group,Canada,"Vancouver, BC",https://www.eastsidegamesgroup.com/,三七/益世界混合型,加拿大上市移动游戏集团，体量低于北美头部巨头，但具备自研、发行、技术平台和并购整合经验，适合作为中上游买方。,偏长线 F2P、IP/品牌合作和休闲移动运营，对已验证数据的小团队项目有一定战略可读性。,发行；联合开发；战略投资；资产/团队收购,Publishing / Corporate Development / CEO office,官网 inquiry / investor relations / LinkedIn,86,第一波优先触达。用“中腰部移动游戏集团需要可运营项目”作为开场逻辑。,https://www.eastsidegamesgroup.com/,https://www.eastsidegamesgroup.com/games/,https://investors.eastsidegamesgroup.com/
4,A,Lion Studios / Tripledot US portfolio,US / UK,"Palo Alto, CA / London",https://lionstudios.cc/,益世界式移动发行/买量体系,Lion Studios 是北美移动发行和买量体系的重要玩家；Tripledot 2025 年收购 AppLovin 游戏业务后，组合里包含 Lion Studios、Machine Zone、PeopleFun、Magic Tavern 等美国资产。,适合谈移动休闲/混合休闲发行、买量扩张、项目收购或把团队并入更大的移动发行体系。,发行；UA/增长；项目收购；团队收购,Lion Studios publishing / Tripledot corporate development,Lion Studios submission / Tripledot contact / LinkedIn,85,第一波优先触达。注意总部不完全在北美，但北美发行与工作室资产高度相关。,https://lionstudios.cc/,https://www.applovin.com/blog/applovin-sells-apps-business-to-tripledot-studios/,https://www.businesswire.com/news/home/20250219750135/en/Tripledot-Studios-to-Acquire-AppLovins-Games-Business
5,A,Griffin Gaming Partners,US,"Santa Monica, CA",https://griffingp.com/,纯游戏投资机构,北美最重要的游戏专项投资机构之一，适合在没有现金流但数据验证不错时作为财务投资/战略融资入口。,不负责发行，但可能投资团队、帮助接触发行商或参与并购/融资结构设计。,股权投资；桥接融资；战略投资转介；并购介绍,Investment team / partner network,官网 contact / partner LinkedIn / portfolio warm intro,84,与发行商并行触达，邮件要更像融资 teaser：团队、验证数据、资金缺口、里程碑和交易结构。,https://griffingp.com/,https://griffingp.com/portfolio/,https://www.gamesindustry.biz/griffin-gaming-partners-raises-750m-for-second-gaming-fund
6,A,PLAYSTUDIOS,US,"Las Vegas, NV",https://www.playstudios.com/,移动休闲/社交游戏上市公司,美国上市移动游戏公司，规模不如 Zynga/Scopely，但在休闲、社交娱乐场景和并购上具备实操能力。,Family Island 类项目不是其最核心品类，但美国测试数据、休闲用户和长期活动运营可形成可评估机会。,战略投资；收购；发行/运营合作；IP/品牌合作,Corporate Development / Investor Relations / Business Development,官网 contact / IR contact / LinkedIn,82,第一波末或第二波开头触达。强调移动休闲、美国用户验证和可选交易结构。,https://www.playstudios.com/,https://ir.playstudios.com/,https://www.playstudios.com/games/
7,A,HyperBeard,Mexico,"Mexico City, Mexico",https://hyperbeard.com/,北美中腰部休闲移动发行/开发商,墨西哥移动游戏公司，强在可爱风格、休闲移动游戏和全球发行；虽不是美国公司，但属于北美且与休闲品类贴近。,如果项目美术和用户情绪更偏 cozy/cute，HyperBeard 的受众和发行审美可能有匹配。,发行；联合开发；项目合作；少数投资可能性,Publishing / Business Development,官网 contact / submissions / LinkedIn,81,第一波末触达。邮件里多放视觉风格、核心循环和美国测试学习。,https://hyperbeard.com/,https://hyperbeard.com/games/,https://www.pocketgamer.biz/the-top-50-mobile-game-makers-of-2024/
8,A,BITKRAFT Ventures,US / Germany,"Denver, CO / Berlin",https://www.bitkraft.vc/,纯游戏投资机构,全球知名游戏与互动娱乐 VC，在北美有强投资触达；适合融资和买方转介。,不直接发行，但可评估游戏团队、产品数据和后续融资/并购路径。,股权投资；桥接融资；战略介绍,Investment team,官网 contact / partner LinkedIn / portfolio warm intro,80,作为融资并行线第一波触达，准备投资人版 KPI teaser。,https://www.bitkraft.vc/,https://www.bitkraft.vc/portfolio,https://www.bitkraft.vc/team
9,B,Big Blue Bubble,Canada,"London, ON",https://www.bigbluebubble.com/,移动休闲开发发行商,加拿大老牌独立移动/休闲游戏公司，代表作 My Singing Monsters，行业地位更像中腰部精品型而非大平台。,对休闲模拟、收集、养成和长线内容运营有可读性；收购能力未知，但适合询问合作/发行/转介绍。,发行合作；联合开发；战略合作；小规模投资可能性,Business Development / Studio leadership,官网 contact / LinkedIn,79,第二波触达。突出玩法循环、内容产能和可持续 LiveOps。,https://www.bigbluebubble.com/,https://www.bigbluebubble.com/games/,https://www.bigbluebubble.com/about/
10,B,MobilityWare,US,"Irvine, CA",https://www.mobilityware.com/,北美休闲移动游戏公司,美国休闲移动游戏老牌公司，强在 evergreen casual 与移动端运营；行业体量大概率低于 Jam City，但在休闲用户上有价值。,品类不完全相同，但美国休闲用户、低 CPI 和留存验证是共通语言。,发行合作；联合开发；项目评估；收购可能性低到中,Business Development / Studio leadership,官网 contact / LinkedIn,78,第二波触达。邮件要简洁，不要一开始就只谈收购。,https://www.mobilityware.com/,https://www.mobilityware.com/games/,https://www.mobilityware.com/about-us/
11,B,Big Fish Games / BFG Entertainment,US,"Seattle, WA",https://www.bigfishgames.com/,休闲游戏发行/分发老牌公司,曾是北美休闲游戏发行和分发的重要公司；当前战略状态需谨慎核验，但其休闲用户和发行历史与本项目相关。,Family Island 类项目可从休闲冒险、模拟经营、长期内容和女性/家庭向用户角度切入。,发行；分发；资产合作；收购可能性不确定,Business Development / publishing leadership,官网 support/contact / LinkedIn / 前员工或集团转介绍,76,第二波触达。先确认当前是否仍评估外部移动项目。,https://www.bigfishgames.com/us/en/company.html,https://www.bigfishgames.com/us/en/games.html,https://www.gamesindustry.biz/aristocrat-sells-big-fish-games-to-bfg-entertainment
12,B,Makers Fund,US / Global,"San Francisco, CA / London",https://makersfund.com/,纯游戏投资机构,游戏和互动娱乐专项基金，适合早中期游戏公司融资和并购路径讨论。,可评估已验证美国测试数据的移动游戏团队，但不会替代发行商。,股权投资；桥接融资；战略转介,Investment team,官网 contact / partner LinkedIn / portfolio intro,76,第二波投资线触达。准备融资版 teaser 和 12 个月里程碑预算。,https://makersfund.com/,https://makersfund.com/portfolio/,https://makersfund.com/team/
13,B,TapBlaze,US,"Los Angeles, CA",https://www.tapblaze.com/,休闲模拟开发发行商,"美国小到中型移动休闲工作室，代表作 Good Pizza, Great Pizza；不一定是买方，但品类经验非常贴近。",餐厅模拟和 cozy 休闲运营与 Family Island 类用户存在重合，适合谈合作、发行建议或小规模战略合作。,联合开发；发行建议；小规模合作；收购可能性低,Founder / Business Development,官网 contact / LinkedIn,75,第二波触达。更像合作伙伴或行业转介绍，不要把收购诉求放得太重。,https://www.tapblaze.com/,https://www.tapblaze.com/games/,https://play.google.com/store/apps/dev?id=5416792938617747564
14,B,Konvoy,US,"Denver, CO",https://www.konvoy.vc/,纯游戏投资机构,美国游戏专项 VC，关注游戏、平台和相关技术，适合作为融资与买方网络入口。,对产品 KPI、团队效率和市场验证敏感，能帮助判断项目是否达到融资门槛。,股权投资；桥接融资；买方/发行商介绍,Investment team,官网 contact / partner LinkedIn,74,第二波投资线触达。把现金流缺口表述为明确 runway 与里程碑，而不是危机叙事。,https://www.konvoy.vc/,https://www.konvoy.vc/portfolio,https://www.konvoy.vc/team
15,B,Storm8 / Stillfront,US / Sweden,"San Mateo, CA",https://www.storm8.com/,移动休闲/社交游戏工作室,美国移动游戏老牌工作室，现属 Stillfront；曾在休闲、社交和女性向移动用户上有较强经验。,品类和用户画像有相关性，但决策链可能在母集团，外部收购/发行意愿需确认。,发行/运营合作；资产收购；集团层面投资/并购,Storm8 leadership / Stillfront M&A,官网 contact / Stillfront corporate contact / LinkedIn,73,第二波触达，同时抄送或并行找 Stillfront 投资并购入口。,https://www.storm8.com/,https://www.storm8.com/games/,https://www.stillfront.com/en/portfolio/storm8/
16,B,Kabam,Canada,"Vancouver, BC",https://www.kabam.com/,移动 F2P 研运发行公司,北美移动 F2P 和 IP 改编强公司，产品集中在中重度和授权 IP，行业地位高于一般中腰部发行商。,玩法不完全贴合，但其 F2P 长线运营、IP、买量和集团资源值得作为战略买方备选。,战略合作；项目/团队收购；发行可能性中低,Business Development / Studio leadership / Netmarble group route,官网 contact / LinkedIn / Netmarble 转介绍,72,第二波或第三波触达。更强调 F2P 运营和美国测试，而不是 cozy 模拟品类。,https://www.kabam.com/,https://www.kabam.com/games/,https://www.netmarble.com/en/company/about
17,B,Transcend Fund,US,"San Francisco, CA",https://transcend.fund/,纯游戏投资机构,专注游戏和数字娱乐的投资基金，适合对接早期到成长期游戏团队。,可作为融资和买方转介入口，尤其当发行合作短期难落地时。,股权投资；战略转介；桥接融资,Investment team,官网 contact / partner LinkedIn,72,第二波投资线触达。强调美国市场测试、低成本验证和资金用途。,https://transcend.fund/,https://transcend.fund/portfolio/,https://transcend.fund/team/
18,B,Fortis Games,US,"Las Vegas, NV",https://www.fortisgames.com/,新兴全球游戏集团/工作室网络,Savvy Games Group 旗下全球工作室网络，北美有重心，资金背景强，但不是传统第三方移动发行商。,适合尝试团队并入、联合开发或项目收购讨论；是否接受外部项目需要确认。,团队收购；联合开发；项目合作；战略投资可能性,Studio leadership / corporate leadership,官网 contact / LinkedIn / Savvy network intro,70,第二波末触达。重点问是否评估外部移动项目或团队并入机会。,https://www.fortisgames.com/,https://www.savvygames.com/en/our-companies/fortis/,https://www.gamesindustry.biz/fortis-appoints-jeremy-gorman-as-ceo
19,B,a16z Games,US,"Menlo Park, CA",https://a16z.com/games/,大型 VC 游戏基金,美国顶级 VC 的游戏专项平台，投资能力强，但对项目门槛和增长故事要求高。,如果 CPI/留存达到可融资阈值，可作为投资线高质量但高门槛对象。,股权投资；战略转介,Games investment team,官网 / partner LinkedIn / portfolio warm intro,70,第二波投资线触达。需要更强的市场规模、团队叙事和数据可信度。,https://a16z.com/games/,https://a16z.com/introducing-games-fund-one/,https://a16z.com/portfolio/
20,B,AppLovin,US,"Palo Alto, CA",https://www.applovin.com/,广告技术/发行生态入口,已经不应被当作传统游戏发行商：2025 年出售游戏业务给 Tripledot 后，核心是广告技术和平台，但仍可能通过 Tripledot 股权与生态转介产生价值。,不是首选买方；更适合作为 UA、发行商转介或间接触达 Lion/Tripledot 的生态入口。,UA/增长合作；生态转介；间接投资/收购路径,Business Development / AppLovin ecosystem contacts,官网 contact / LinkedIn / Tripledot route,67,不作为纯发行买方优先触达；如有 AppLovin 关系，可请其转给 Tripledot/Lion。,https://www.applovin.com/,https://www.applovin.com/blog/applovin-sells-apps-business-to-tripledot-studios/,https://investors.applovin.com/
21,B,Scopely,US,"Culver City, CA",https://www.scopely.com/,战略上限参照,北美移动游戏绝对强势公司之一，地位明显高于三七互娱/益世界的类比层级；作为买方可试，但不应作为主要对标。,如果数据非常强，休闲冒险/模拟可作为其移动 F2P portfolio 延展；否则冷启动触达难度高。,收购；战略投资；发行/合作可能性低,Corporate Development / studio leadership,官网 / LinkedIn / 投资并购转介绍,66,作为 stretch target。不要第一批消耗冷邮件，优先找 warm intro。,https://www.scopely.com/,https://www.scopely.com/en/news/scopely-to-acquire-niantic-games-business-which-includes-pokemon-go-one-of-the-most-successful-mobile-games-of-all-time,https://www.pocketgamer.biz/the-top-50-mobile-game-makers-of-2024/
22,B,Zynga / Take-Two Mobile,US,"San Mateo, CA / New York, NY",https://www.zynga.com/,战略上限参照,北美移动游戏巨头/大集团移动部门，地位高于三七互娱式对标；但有成熟移动发行、并购和 IP 资源。,对已验证美国市场的休闲/模拟 F2P 项目理论上相关，但外部项目冷启动门槛高。,收购；战略合作；发行可能性低,Take-Two corporate development / Zynga leadership,官网 / LinkedIn / 投资银行或行业转介绍,65,作为 stretch target。除非有强引荐或数据很突出，否则排在 Tilting Point/Jam City 后。,https://www.zynga.com/,https://www.take2games.com/ir/news/take-two-interactive-software-inc-completes-combination-with-zynga-inc,https://www.take2games.com/
23,B,SciPlay / Light & Wonder,US,"Las Vegas, NV",https://www.sciplay.com/,社交娱乐场/移动游戏公司,美国社交 casino 和 casual mobile 上市/集团型玩家，资金和运营能力强，但品类偏社交娱乐场。,Family Island 类游戏与其核心品类有距离，但休闲用户、LiveOps 和美国市场验证可作为切入点。,收购；战略投资；发行合作可能性中低,Corporate Development / Light & Wonder digital leadership,官网 contact / investor relations / LinkedIn,64,第三波触达。除非游戏变现偏广告/社交 casino，否则优先级低于休闲模拟发行商。,https://www.sciplay.com/,https://www.sciplay.com/games/,https://www.lnw.com/company/sciplay/
24,B,Lightspeed Gaming,US,"Menlo Park, CA",https://lsvp.com/sectors/gaming/,大型 VC 游戏投资线,Lightspeed 的游戏投资线在北美有影响力；不是游戏发行商，但能做融资和高质量转介。,适合数据达到融资门槛、需要桥接资金和发行商网络时触达。,股权投资；战略转介,Gaming investment partners,官网 / partner LinkedIn / portfolio warm intro,64,第三波投资线。需要把 KPI 和资金用途压缩成 1-page investor memo。,https://lsvp.com/sectors/gaming/,https://lsvp.com/portfolio/,https://lsvp.com/team/
25,C,Sunblink,US,"Boulder, CO",https://www.sunblink.com/,cozy/life-sim 工作室,小到中型工作室，因 Hello Kitty Island Adventure 在 cozy/life-sim 方向具备可比经验，但不是典型发行商。,玩法情绪和人群接近，适合行业交流、联合开发或转介绍，不适合作为主要收购买方。,联合开发；行业转介绍；小规模合作,Founder / studio leadership,官网 / LinkedIn,62,第三波触达。语气偏合作和交流，少谈急迫融资。,https://www.sunblink.com/,https://www.sunblink.com/games,https://www.apple.com/newsroom/2023/07/hello-kitty-island-adventure-launches-on-apple-arcade/
26,C,Rogue Games,US,"Los Angeles, CA",https://www.rogueco.com/,独立游戏发行商,美国独立发行商，覆盖 PC/console/mobile，但不是移动休闲头部。,如果项目可以包装为跨平台 cozy/adventure，可能有讨论空间；纯移动 F2P 买量能力需验证。,发行；联合开发；平台发行,Publishing / Business Development,官网 contact / LinkedIn,61,第三波触达。若游戏仍是纯移动 F2P，优先级低于 Tilting Point 和 Jam City。,https://www.rogueco.com/,https://www.rogueco.com/games,https://www.rogueco.com/contact
27,C,Galaxy Interactive,US,"New York, NY",https://www.galaxy.com/interactive/,游戏/互动娱乐投资机构,互动娱乐、游戏和数字资产相关投资平台，适合融资线补充。,不适合只谈发行；适合把项目作为互动娱乐/游戏团队融资机会递交。,股权投资；战略转介,Investment team,官网 / LinkedIn / portfolio warm intro,61,第三波投资线。若产品指标不错但缺少发行方，作为备选融资入口。,https://www.galaxy.com/interactive/,https://www.galaxy.com/businesses/galaxy-ventures/,https://www.galaxy.com/
28,C,Product Madness / Aristocrat,US / Australia,"Las Vegas, NV / London",https://www.productmadness.com/,社交 casino 移动公司,Aristocrat 旗下社交 casino 移动游戏公司，资金和运营强，但品类偏差较大。,除非项目变现更偏广告/社交娱乐场用户，否则仅作为拓展名单。,收购；战略合作；发行可能性低,Aristocrat digital / Product Madness leadership,官网 contact / LinkedIn,60,第三波后段触达。话术重点放在美国用户验证和休闲运营，不要强调 farming sim。,https://www.productmadness.com/,https://www.productmadness.com/games/,https://www.aristocrat.com/businesses/product-madness/
29,C,Armor Games Studios,US,"Irvine, CA",https://armorgamesstudios.com/,独立发行商,美国独立游戏发行商，有 web/PC/console/mobile 历史，但不是移动买量发行商。,若游戏可转为 premium/cozy 或多平台体验，可能有发行讨论；纯 F2P 移动项目适配一般。,发行；平台合作；联合开发,Publishing / submissions,官网 submission / contact,59,第三波触达。适合拿来拓展，但不是解决现金流的首要对象。,https://armorgamesstudios.com/,https://armorgamesstudios.com/games/,https://armorgamesstudios.com/contact/
30,C,GameMill Entertainment,US,"Minneapolis, MN",https://gamemill.com/,授权/IP 游戏发行商,美国授权/IP 游戏发行商，更多偏 console/PC/licensed games，不是典型移动休闲发行商。,除非项目可以绑定 IP 或多平台化，否则适配度一般。,发行；IP合作；项目合作,Publishing / licensing,官网 contact / LinkedIn,57,第三波后段触达。可以作为 IP/发行资源补充。,https://gamemill.com/,https://gamemill.com/games/,https://gamemill.com/contact/
31,C,Skybound Games,US,"Los Angeles, CA",https://www.skybound.com/games,IP/独立游戏发行商,Skybound 具备 IP 和游戏发行能力，但重心不在移动 F2P 发行。,若项目能往 IP/cozy adventure 方向包装，可试探；否则不是优先买方。,发行；IP合作；联合开发,Games publishing / business development,官网 / LinkedIn,56,第三波后段。更适合平台发行或 IP 合作口径。,https://www.skybound.com/games,https://www.skybound.com/about,https://www.skybound.com/contact
32,C,DoubleDown Interactive,US / Korea,"Seattle, WA / Seoul",https://www.doubledowninteractive.com/,社交 casino 移动公司,社交 casino 发行/运营公司，公开上市，资金能力有但品类偏差较大。,只适合作为低优先级拓展；项目需强调休闲用户和美国指标，而不是玩法相似。,收购；战略合作；投资可能性低,Corporate Development / IR / leadership,官网 contact / IR,55,第三波后段。若没有社交 casino 关系，暂缓。,https://www.doubledowninteractive.com/,https://ir.doubledowninteractive.com/,https://www.doubledowninteractive.com/games/
33,C,Maximum Entertainment / Modus Games,US / Sweden,"Walnut Creek, CA / Stockholm",https://maximument.com/,中型多平台发行商,多平台发行商，偏 PC/console 和 indie/AA，不是移动 F2P 发行核心。,若项目有多平台化或 premium 版本路径，可进入讨论；纯移动买量合作适配一般。,发行；联合开发；平台发行,Publishing / submissions,官网 contact / LinkedIn,54,低优先级。除非产品策略准备做多平台。,https://maximument.com/,https://modusgames.com/,https://maximument.com/games/
34,C,Hi-Rez Studios,US,"Alpharetta, GA",https://www.hirezstudios.com/,F2P 在线游戏开发发行商,美国 F2P 在线游戏公司，强项在多人竞技和 live service，不是休闲模拟。,数据优秀也可试探，但品类差异明显。,联合开发；发行可能性低；团队合作,Business Development / leadership,官网 / LinkedIn,53,仅作备选名单，不进入第一轮。,https://www.hirezstudios.com/,https://www.hirezstudios.com/games/,https://www.hirezstudios.com/contact/
35,C,1Up Ventures,US,"Kirkland, WA",https://www.1up.vc/,游戏投资机构,专注游戏的早期投资基金，规模小于 Griffin/BITKRAFT，但对游戏团队更垂直。,适合早期融资或买方转介，尤其在资金缺口较小且数据可验证时。,早期投资；桥接融资；战略转介,Investment team,官网 / partner LinkedIn,53,投资线补充对象。适合短邮件和 1-page teaser。,https://www.1up.vc/,https://www.1up.vc/portfolio,https://www.1up.vc/team
36,C,Electronic Arts Mobile,US,"Redwood City, CA",https://www.ea.com/games/library/mobile,战略上限参照,北美游戏巨头的移动业务，地位远高于本次对标层级；可作为 stretch target，而不是核心对标。,除非数据非常好或团队有强引荐，否则冷启动机会低。,收购；战略合作；发行可能性低,Corporate Development / EA Mobile leadership,官网 / LinkedIn / 投行或行业转介绍,52,低优先级 stretch。先做 warm intro，不建议冷邮件首批发送。,https://www.ea.com/games/library/mobile,https://www.ea.com/news/electronic-arts-completes-acquisition-of-glu-mobile,https://ir.ea.com/
37,C,Annapurna Interactive,US,"Los Angeles, CA",https://annapurnainteractive.com/,精品独立游戏发行商,美国精品独立发行商，品牌强但不做典型移动 F2P 买量发行。,如果项目能改造成 premium/cozy narrative 体验才有一定适配；当前 Family Island 类 F2P 适配低。,平台发行；精品发行；IP/内容合作,Publishing submissions,官网 contact / submissions,51,仅作低优先级拓展。除非产品策略变化，不建议进入第一二波。,https://annapurnainteractive.com/en,https://annapurnainteractive.com/en/games,https://annapurnainteractive.com/en/contact
38,C,Devolver Digital,US / UK,"Austin, TX / London",https://www.devolverdigital.com/,独立游戏发行商,知名独立发行商，更多面向 PC/console premium/indie；不适合当北美移动发行对标。,除非项目完全转成 premium indie/cozy，不建议优先。,平台发行；发行合作,Submissions / publishing,官网 submissions / LinkedIn,49,观察名单。当前不建议进入现金流救急外联首批。,https://www.devolverdigital.com/,https://www.devolverdigital.com/games,https://www.devolverdigital.com/contact
39,C,tinyBuild,US / Netherlands,"Seattle, WA / Amsterdam",https://www.tinybuild.com/,中型独立游戏发行/开发集团,有美国根基的多平台发行/开发集团，行业地位像中型游戏发行公司，但移动 F2P 不是核心。,如果未来做 PC/console cozy sim，可试；当前移动 Family Island 类适配低。,发行；IP合作；项目收购可能性低,Publishing / submissions,官网 submissions / LinkedIn,48,观察名单。只在产品策略多平台化后触达。,https://www.tinybuild.com/,https://www.tinybuild.com/games,https://www.tinybuildinvestors.com/
40,C,Netflix Games,US,"Los Gatos, CA",https://about.netflix.com/en/news/games,平台型内容买方,不是传统发行商，但作为平台型内容买方和游戏投资/收购方，可能对 mobile/casual content 有选择性兴趣。,若项目能服务 Netflix 订阅生态、家庭/cozy 用户或 IP 合作，可作为特殊渠道尝试。,内容授权；收购；发行/平台合作,Games content / business development / corporate development,LinkedIn / warm intro / Netflix games leadership,47,非首批。除非有强引荐或项目可绑定订阅平台逻辑。,https://about.netflix.com/en/news/games,https://www.netflix.com/tudum/articles/netflix-games,https://jobs.netflix.com/teams/games