ID,Tier,Priority Rank,Company,Country,HQ,Website,Entity Type,Key Games / Publishing Cases,Strategic Fit (30),Investment/M&A Signal (25),Casual/Relevance (20),Funds/Publishing (15),Reachability (10),Total Score,Possible Deal Types,Best Entry / Department,Public Contact / Entrance,Contact URL,Recommended Angle,Evidence Note,Source 1,Source 2,Source 3,Source Count,Confidence,Next Step,Outreach Status,Last Verified,Owner,Notes,Company Scale,Representative Works,Public Contact Email,Email Note
KR-001,A,1,NCSOFT / NC,Korea,"Seongnam, Korea",https://about.ncsoft.com/en,Public publisher/developer; active strategic buyer,"Lineage, AION, Guild Wars 2; 2026 mobile casual center; acquisitions of Lihuhu/Springcomes/JustPlay disclosed",30,25,20,15,8,98,Acquisition; strategic investment; publishing partnership,Mobile Casual Center; Corporate Strategy; Corp Dev,"Official contact, LinkedIn corporate page, warm intro to Mobile Casual Center",https://about.ncsoft.com/en,Lead with verified US CPI/retention and Family Island-like casual adventure fit for their mobile casual ecosystem.,2026 strategy explicitly names mobile casual as growth pillar and says additional acquisitions/publishing partnerships will expand ecosystem.,https://about.ncsoft.com/en/news/article/news_update_260312,https://about.ncsoft.com/en/news/article/news_update_251222,https://about.ncsoft.com/en/news/article/news_update_260311,3,High,Send tailored teaser to corp strategy and Mobile Casual Center; ask for 30-minute fit call.,Not Started,2026-06-02,,,"2025年收入 KRW 1.51万亿，移动游戏收入 KRW 7,944亿；大型上市公司。",Lineage 系列、AION、Guild Wars 2、THRONE AND LIBERTY；移动休闲布局含 Lihuhu/Springcomes/JustPlay。,未公开商务邮箱,未找到公开商务邮箱；建议使用官方联系入口：https://about.ncsoft.com/en
KR-002,A,2,KRAFTON,Korea,"Seongnam, Korea",https://www.krafton.com/en,Public publisher/holding company; strategic investor/acquirer,"PUBG, inZOI, Subnautica, Last Epoch; 2nd Party Publishing model; investments/acquisitions across studios and adtech",28,24,16,15,8,91,Strategic investment; 2PP publishing; acquisition; MG,HQ Global Publishing; Investment; New IP/2PP team,"Official contact, corporate LinkedIn, publishing/BD warm intro",https://www.krafton.com/en/contact/,Position as a validated external mobile project that can enter their scalable 2PP/IP discovery pipeline.,"2025 release states KRAFTON is building 13 new projects, targeted investments, and a scalable 2PP model.",https://krafton.com/en/news/press/krafton-achieve-record-high-revenue-in-the-first-half-of-2025/,https://www.krafton.com/en/news/press/krafton-acquires-eleventh-hour-games-creators-of-last-epoch/,https://www.krafton.com/en/ir/,3,High,Approach Global Publishing/2PP; include gameplay video and KPI one-pager.,Not Started,2026-06-02,,,2025年收入 KRW 3.3266万亿，营业利润 KRW 1.0544万亿；19个创意工作室网络。,PUBG: BATTLEGROUNDS、PUBG MOBILE、inZOI、Subnautica、Last Epoch。,biz@krafton.com; ask@krafton.com,官网 Contact Us 公开 Business/Others 邮箱；优先 biz@。
JP-003,A,3,Bandai Namco Entertainment / 021 Fund,Japan,"Tokyo, Japan",https://www.bandainamcoent.co.jp/english/,Publisher; CVC with game studio mandate,Bandai Namco mobile/console publishing; 021 Fund investment program; global publishing and marketing strength,27,23,15,14,9,88,Minority investment; publishing; strategic partnership; option to acquire,Bandai Namco 021 Fund; External Production/Publishing,021 Fund website/contact; corporate inquiry,https://021fund.bn-ent.net/en/,Frame as an externally developed game studio with a globally testable casual simulation title and potential new IP.,2025 021 Fund release says investment scope now includes domestic/overseas game studios and global publishing collaboration.,https://www.bandainamcoent.co.jp/pdfs/HP_20250611.pdf,https://021fund.bn-ent.net/en/,https://www.bandainamcoent.co.jp/english/,3,High,Submit to 021 Fund and parallel-route to mobile publishing BD.,Not Started,2026-06-02,,,Bandai Namco Entertainment 员工约841人（2025/04）；母集团员工约1.1万人级。,Dragon Ball、One Piece、Gundam、Tekken、Elden Ring 发行；021 Fund 面向外部娱乐/游戏创业公司。,未公开商务邮箱,未找到公开商务邮箱；建议使用官方联系入口：https://021fund.bn-ent.net/en/
KR-004,A,4,Com2uS Holdings,Korea,"Seoul, Korea",https://holdings.com2us.com/en,Public holding/publisher; global publishing partner,Global publishing pipeline; Gamevil heritage; external developer publishing,24,20,18,14,9,85,Publishing; MG; strategic investment; regional/global launch,Publishing team; Corporate Strategy,Publishing proposal/contact form; corporate inquiry,https://holdings.com2us.com/en/about/game-business,Emphasize global mobile publishing fit and short path to soft-launch decision using US KPI proof.,Official publishing page says developers worldwide can partner with Com2uS Holdings; IR materials show global mobile pipeline.,https://global.com2us.com/holdings/company/publishing,https://holdings.com2us.com/en/about/game-business,https://holdings.com2us.com/en/ir,3,High,Use publishing doorway; ask for evaluation meeting and MG/investment appetite.,Not Started,2026-06-02,,,公开资料称累计游戏下载超过3亿次；上市移动游戏集团。,Gamevil/Com2uS Holdings 发行体系；外部开发者全球发行合作。,未公开商务邮箱,官网提供 Publishing/contact 入口；抓取到隐私邮箱，不建议用于BD。
JP-005,A,5,DeNA,Japan,"Tokyo, Japan",https://dena.com/intl/,Public mobile/internet company; strategic investor and game operator,Mobage; mobile games with partners; Strategic Investment Office portfolio,25,22,15,13,9,84,Strategic investment; publishing partnership; Japan/Asia distribution,Strategic Investment Office; Game Business,Strategic Investment Office page; corporate inquiry,https://dena.com/intl/services/invest.html,Pitch as entrepreneur-led mobile game team with validated US traction and Asia expansion optionality.,DeNA states it provides capital plus Asia gateway and operational support to entrepreneurs; services page confirms mobile game operations.,https://dena.com/intl/services/invest.html,https://dena.com/intl/services/,https://dena.com/intl/company/overview.html,3,High,"Send investor-style teaser first, then game business intro if interest is publishing-led.",Not Started,2026-06-02,,,上市互联网/游戏集团；资本金约103.97亿日元（2025/03），集团年收入百亿日元级。,Mobage、Pokémon Masters EX、FINAL FANTASY Record Keeper；Strategic Investment Office。,未公开商务邮箱,未找到公开商务邮箱；建议使用官方联系入口：https://dena.com/intl/services/invest.html
KR-006,A,6,Com2uS,Korea,"Seoul, Korea",https://www.com2us.com/en,Public mobile game developer/publisher,Summoners War; MLB 9 Innings; mobile/PC pipeline; external publishing titles,23,19,18,14,8,82,Publishing; MG; co-development; strategic investment,Publishing; Business Development; Global Business,Corporate contact and publishing/business inquiry,https://www.com2us.com/en,Lead with high-retention US mobile simulation title that can use Com2uS global publishing and LiveOps.,Com2uS describes broad mobile game portfolio and 2025/2026 global pipeline includes publishing titles.,https://global.com2us.com/,https://www.com2us.com/file/download/2346,https://store.steampowered.com/publisher/Com2uS,3,High,Approach publishing team; include data deck and build link.,Not Started,2026-06-02,,,上市移动游戏公司；Summoners War 全球长线运营，集团年收入千亿韩元级。,Summoners War、MLB 9 Innings、Starseed、MiniGame Party。,publishing@com2us.com,Com2uS 韩文联系/Publishing 页面公开邮箱；适合发行提案。
JP-007,A,7,CyberAgent,Japan,"Tokyo, Japan",https://www.cyberagent.co.jp/en/,Public internet/media/game group,Cygames and SGE subsidiaries; large smartphone game structure; global expansion focus,23,18,17,14,7,79,Strategic partnership; publishing; investment; possible studio collaboration,Game Business / SGE; Investment or IP strategy,Corporate inquiry; IR/corporate page; warm intro to SGE,https://www.cyberagent.co.jp/en/contact/,Position as a US-validated casual adventure title that could fit their overseas mobile growth agenda.,Integrated report says CyberAgent has one of Japan's largest mobile game development structures and will focus on global expansion.,https://report.cyberagent.co.jp/en/game/,https://www.cyberagent.co.jp/en/news/detail/id=32862,https://www.cyberagent.co.jp/en/ir/,3,High,Route through SGE/Game Business; include concise user-acquisition proof.,Not Started,2026-06-02,,,"大型上市互联网/游戏集团；年销售额约8,000亿日元级，游戏子公司矩阵庞大。",Cygames/SGE 系手机游戏矩阵，代表包括 Uma Musume、Granblue Fantasy、Shadowverse。,未公开商务邮箱,未找到公开商务邮箱；建议使用官方联系入口：https://www.cyberagent.co.jp/en/contact/
KR-008,A,8,Netmarble,Korea,"Seoul, Korea",https://company.netmarble.com/en,Public mobile publisher/developer; portfolio buyer,"MARVEL Future Fight, Seven Knights, Solo Leveling; parent of Kabam, SpinX, Jam City",22,20,15,15,7,79,Publishing; MG; strategic investment; acquisition if scale proven,Global Publishing; Corporate Development; Investment,"Corporate inquiry, LinkedIn, investor/newsroom contact",https://company.netmarble.com/en,Pitch as a validated US-tested mobile F2P title adjacent to their global mobile portfolio.,2025 results page describes Netmarble as leading developer/publisher and lists major subsidiaries/holdings.,https://ch.netmarble.com/Eng/Newsroom/Detail?bbs_code=1020&post_seq=6475&post_tag=NETMARBLE,https://company.netmarble.com/en/company/about,https://company.netmarble.com/en/ir,3,High,Approach global publishing and corp dev; stress modest MG/investment can unlock US scale.,Not Started,2026-06-02,,,大型上市移动发行商；2025年收入约KRW 2.7万亿级，旗下含 Kabam/SpinX/Jam City 等资产。,MARVEL Future Fight、Seven Knights、Solo Leveling: ARISE、Ni no Kuni: Cross Worlds。,netmarblebiz@netmarble.com,官网公开 business 邮箱。
JP-009,A,9,GREE Holdings / WFS,Japan,"Tokyo, Japan",https://gree.co.jp/jp/en/,Public game/IP/investment group; mobile/live-service operator,WFS live-service games; Pokelabo brand; GREE investment business,22,18,17,13,8,78,Publishing; strategic investment; Japan/Asia partnership,WFS live-service; GREE investment; business development,Corporate inquiry and WFS contact,https://www.wfs.games/en/contact/,Present as a mobile live-service title with proven Western acquisition metrics and expandable content cadence.,GREE business overview lists Game and Investment businesses; 2025 restructuring moved live service games into WFS.,https://gree.co.jp/jp/en/business/index.html,https://www.wfs.games/en/,https://www.gematsu.com/2024/11/gree-establishes-gree-studios-to-manage-consumer-games-business-live-service-games-business-absorbed-by-wfs,3,High,"Send to WFS/GREE BD; ask whether they prefer publishing, investment, or asset acquisition.",Not Started,2026-06-02,,,上市游戏/投资集团；年收入数百亿日元级，WFS/GREE Studios/Pokelabo 等子品牌。,Heaven Burns Red、Another Eden、Fishing Star、Magia Exedra/Pokelabo 相关项目。,未公开商务邮箱,未找到公开商务邮箱；建议使用官方联系入口：https://www.wfs.games/en/contact/
JP-010,A,10,MIXI,Japan,"Tokyo, Japan",https://mixi.co.jp/en/,Public digital entertainment/investment company,Monster Strike; Digital Entertainment segment; investment business,21,18,15,14,8,76,Strategic investment; publishing; Japan co-operation; MG,Digital Entertainment; Investment,MIXI investment site; corporate inquiry,https://invest.mixi.co.jp/,"Pitch as a mobile F2P title with US proof, asking whether investment or publishing support fits their digital entertainment goals.",MIXI corporate profile lists Digital Entertainment and Investment; investment site shows active investing activity.,https://mixi.co.jp/en/company/profile/,https://mixi.co.jp/en/business/investment/,https://invest.mixi.co.jp/,3,High,Approach investment first; parallel outreach to digital entertainment BD.,Not Started,2026-06-02,,,上市数字娱乐集团；年收入千亿日元级，Monster Strike 为核心现金流。,Monster Strike、Kotodaman、TIPSTAR/数字娱乐业务。,未公开商务邮箱,未找到公开商务邮箱；建议使用官方联系入口：https://invest.mixi.co.jp/
KR-011,A,11,Smilegate Megaport,Korea,"Seongnam, Korea",https://www.smilegate.com/en/,Private game group and publisher,Epic Seven; Lost Ark; Smilegate Megaport publishing; global publishing announcements,21,17,16,14,8,76,Publishing; MG; strategic partnership; minority investment,Smilegate Megaport; Global Business; Investment,Smilegate corporate contact; LinkedIn; Megaport business page,https://www.smilegate.com/en/,Lead with global-ready mobile F2P and ask whether Megaport wants a US-tested casual simulation title.,Smilegate official site highlights publishing activity and global business expansion.,https://www.smilegate.com/en/,https://www.smilegate.com/business/megaport.do,https://www.smilegate.com/en/news/list.do,3,High,Send to Megaport/global publishing; include short KPI benchmark table.,Not Started,2026-06-02,,,Smilegate 集团发行板块；集团级公司，全球员工/业务规模千人级。,Epic Seven、Lost Ark 全球业务、Smilegate Megaport 发行体系。,sgp_biz@smilegate.com,Smilegate Megaport 业务页公开邮箱。
JP-012,A,12,KLab,Japan,"Tokyo, Japan",https://www.klab.com/en/,Public mobile online game developer/publisher,Bleach: Brave Souls; Captain Tsubasa; overseas game development support model,20,15,17,12,8,72,Publishing; co-development; Japan/IP collaboration; MG,Overseas Game Development Support; Business Development,Corporate inquiry; press/business contact,https://www.klab.com/en/contact/,"Emphasize that the game does not require major Japanese IP, but can leverage KLab's global mobile operating experience.",KLab official releases describe global mobile launches and overseas support model.,https://www.klab.com/en/,https://www.klab.com/en/press/release/2025/0801/flyhigh.html,https://www.klab.com/en/ir/,3,High,Approach BD with KPI teaser and ask for publishing/MG evaluation.,Not Started,2026-06-02,,,上市移动游戏公司；资本金约89.3亿日元，移动游戏开发运营团队。,Bleach: Brave Souls、Captain Tsubasa: Dream Team、Love Live! 相关历史项目。,未公开商务邮箱,未找到公开商务邮箱；建议使用官方联系入口：https://www.klab.com/en/contact/
KR-013,A,13,Kakao Games,Korea,"Seongnam, Korea",https://www.kakaogamescorp.com/en,Public game publisher,"Odin, Uma Musume KR, Eversoul; PC/mobile publishing",19,17,15,13,8,72,Publishing; MG; strategic investment; Korea/Japan operation,Global Business; Mobile Publishing; Investment,Corporate contact and IR pages,https://www.kakaogamescorp.com/en/customer/contact,Pitch as a mobile F2P project with US proof and a clear Japan/Korea localization path.,Official site positions Kakao Games as global multi-platform publisher with mobile portfolio and IR materials.,https://www.kakaogamescorp.com/en,https://www.kakaogamescorp.com/en/ir/irData,https://www.kakaogamescorp.com/en/game,3,High,Use corporate contact plus LinkedIn; ask for mobile publishing review.,Not Started,2026-06-02,,,上市游戏发行商；年收入数千亿韩元级，拥有 XLGAMES/Lionheart/Ocean Drive 等工作室。,Odin: Valhalla Rising、Uma Musume KR、Eversoul、ArcheAge War。,contact@kakaogames.com,官网 Contact 页面公开邮箱；页面标注 receive-only，建议并行表单/LinkedIn。
KR-014,A,14,NEOWIZ,Korea,"Seongnam, Korea",https://www.neowiz.com/,Public publisher/developer,"Lies of P, BrownDust2, Sanabi; global IP collaborations and publishing",20,17,14,13,8,72,Publishing; co-development; strategic investment,Global Publishing; Business Development; Corporate Strategy,Corporate inquiry; Steam publisher page; IR,https://www.neowiz.com/neowiz,"Position as external global IP candidate, with mobile casual economics distinct from their PC/console pipeline.",Recent investor/news coverage shows focus on global IP and partner collaborations; official IR has in-house/publishing pipeline.,https://cdn.neowiz.com/neowiz-site/assets/ir-library/Q1-2025_NWZ_PPT_EN-dggcl9vz-xkoamocn.pdf,https://www.neowiz.com/neowiz,https://store.steampowered.com/publisher/NEOWIZ,3,High,Approach global publishing; frame as portfolio diversification more than core genre match.,Not Started,2026-06-02,,,上市发行/开发公司；年收入数千亿韩元级，PC/主机/移动组合。,Lies of P、BrownDust2、Sanabi、DJMAX RESPECT。,未公开商务邮箱,未找到公开商务邮箱；建议使用官方联系入口：https://www.neowiz.com/neowiz
JP-015,A,15,COLOPL,Japan,"Tokyo, Japan",https://colopl.co.jp/en/,Public mobile game developer/publisher,Shironeko/White Cat Project; mobile apps; investment through COLOPL NEXT,18,16,16,12,7,69,Strategic investment; publishing; co-development,COLOPL NEXT; Game Business; BD,Corporate inquiry and COLOPL NEXT,https://www.coloplnext.co.jp/en/,Pitch as a mobile casual-adventure studio with US proof and potential portfolio extension.,COLOPL official pages cover mobile entertainment; COLOPL NEXT provides venture investment pathway.,https://colopl.co.jp/en/,https://www.coloplnext.co.jp/en/,https://colopl.co.jp/en/ir/,3,High,Approach COLOPL NEXT and game business in parallel.,Not Started,2026-06-02,,,上市移动游戏公司；年收入数百亿日元级，另有 COLOPL NEXT 投资平台。,White Cat Project、Dragon Project、Alice Gear Aegis；COLOPL NEXT 投资。,help@colopl.jp,官网 Contact 页面公开 help@；偏客服/通用邮箱，另有多款游戏 support 邮箱已排除；BD仍建议并行 COLOPL NEXT/官网入口。
JP-016,A,16,gumi,Japan,"Tokyo, Japan",https://gu3.co.jp/en/,Public mobile/blockchain game company; investor in emerging entertainment,"Brave Frontier heritage, FFBE, blockchain/game investments",18,16,15,12,8,69,Publishing; co-development; strategic investment; asset deal,Game business; Investment/Blockchain strategy; BD,Corporate inquiry; IR contact,https://gu3.co.jp/en/contact/,Position as a proven F2P mobile project with less speculative risk than early blockchain content.,gumi official pages describe mobile online game experience and investment/business cooperation in emerging entertainment.,https://gu3.co.jp/en/,https://gu3.co.jp/en/blockchain/,https://gu3.co.jp/en/ir/,3,High,Approach corporate/BD; emphasize real CPI/retention proof and flexible deal structure.,Not Started,2026-06-02,,,上市移动游戏/区块链娱乐公司；年收入百亿日元级。,Brave Frontier、Final Fantasy Brave Exvius、Aster Tatariqus。,未公开商务邮箱,未找到公开商务邮箱；建议使用官方联系入口：https://gu3.co.jp/en/contact/
JP-017,A,17,GungHo Online Entertainment,Japan,"Tokyo, Japan",https://www.gungho.co.jp/en/,Public mobile/online game publisher,Puzzle & Dragons; mobile/console publishing; global subsidiaries,18,15,16,13,7,69,Publishing; MG; co-development; minority investment,Business Development; Global Publishing,Corporate inquiry; IR contact,https://www.gungho.co.jp/en/contact/,Frame as a casual F2P simulation project with proven retention and low creative risk.,"Official corporate pages show mobile game operations, global group, and investor communications.",https://www.gungho.co.jp/en/,https://www.gungho.co.jp/en/ir/,https://www.gungho.co.jp/en/game/,3,High,Send polished teaser; ask if mobile publishing or investment team should review.,Not Started,2026-06-02,,,上市移动/在线游戏公司；年收入千亿日元级，Puzzle & Dragons 为核心。,Puzzle & Dragons、Ragnarok Online DS/相关合作、Ninjala。,未公开商务邮箱,未找到公开商务邮箱；建议使用官方联系入口：https://www.gungho.co.jp/en/contact/
KR-018,A,18,Supercent,Korea,"Seoul, Korea",https://supercent.io/,Mobile casual/hypercasual publisher,Hyper/hybrid-casual publishing; test-driven mobile publishing,17,13,20,11,8,69,Publishing; MG; UA partnership; lightweight investment,Publishing; Developer Relations,Publishing submission/contact form,https://supercent.io/,Lead with CPI/retention details and ask for hybrid-casual scaling perspective.,Official site positions Supercent around casual mobile publishing and developer partnerships.,https://supercent.io/,https://www.linkedin.com/company/supercent/,https://supercent.io/contact,3,High,Submit through publisher intake; suited for rapid test feedback.,Not Started,2026-06-02,,,中小型休闲手游公司；公开公司资料常见规模约51-200人级。,Burger Please!、Outlets Rush、Pizza Ready!、Snake Clash；官网显示累计下载 1.5B+、累计收入 $380M+。,help@supercent.io,官网英文 About、韩文公司页、Terms/Privacy 等页面均公开 help@supercent.io；偏通用/客服邮箱，BD仍建议并行 Submit Your Game/Publishing 入口。
KR-019,A,19,111Percent,Korea,"Seoul, Korea",https://111percent.net/en/,Casual/hypercasual mobile game company,Random Dice; casual mobile portfolio; publishing label Supercent connection,17,12,20,10,8,67,Publishing; UA partnership; strategic collaboration,Publishing; Business Development; Supercent relationship,Official site/contact; LinkedIn,https://111percent.net/en/contact/,Position as proven casual-sim title; ask whether 111% or Supercent is the right evaluation path.,Official site lists mobile casual portfolio and company focus.,https://111percent.net/en/,https://111percent.net/en/games/,https://www.linkedin.com/company/111percent/,3,High,Route to Supercent/111% BD; use data-first opener.,Not Started,2026-06-02,,,中小型休闲手游公司；公开公司资料常见规模约51-200人级。,Random Dice 系列、B.B.TAN、Wild Tamer；Supercent 生态相关。,business@111percent.net; branding@111percent.net; marketing@111percent.net,官网 Contact 页需浏览器渲染后可见邮箱；BD优先 business@，branding@/marketing@ 作为合作或营销转接，help@/recruit@ 不作为商务首选。
JP-020,A,20,KADOKAWA,Japan,"Tokyo, Japan",https://group.kadokawa.co.jp/global/,Public media/IP group with game holdings,FromSoftware/Spike Chunsoft links; game/IP investment and alliances; anime/media distribution,18,16,12,14,6,66,Strategic investment; IP/game partnership; acquisition if IP angle strong,Game business; Corporate Strategy; Investment/Alliance,Corporate inquiry; IR; group contacts,https://group.kadokawa.co.jp/global/contact/,"Best if pitched as an original world/IP plus mobile live-service system, not just a pure UA play.",KADOKAWA integrated reports discuss game developer investments and IP/global expansion.,https://group.kadokawa.co.jp/global/,https://group.kadokawa.co.jp/ir/library/integrated_report.html,https://group.kadokawa.co.jp/media/ir/media-download/1851/8394a61e1784306e/,3,High,Use IP-led teaser; ask for game investment/alliance route.,Not Started,2026-06-02,,,大型上市媒体/IP集团；集团年收入数千亿日元级，游戏为内容/IP组合之一。,FromSoftware/Spike Chunsoft 相关持股与出版/IP生态；游戏/IP投资合作。,未公开商务邮箱,未找到公开商务邮箱；建议使用官方联系入口：https://group.kadokawa.co.jp/global/contact/
JP-021,B,21,Square Enix,Japan,"Tokyo, Japan",https://www.hd.square-enix.com/eng/,Public entertainment publisher,"Final Fantasy, Dragon Quest, mobile titles; major IP publishing",17,13,13,15,6,64,Publishing; IP collaboration; asset acquisition only if strategic,Mobile/Smart Device Business; Corporate Development,Corporate contact; IR contact; business inquiry,https://www.hd.square-enix.com/eng/contact/,Only worth pushing if the game has IP/world-building depth or can complement their mobile portfolio.,Official reports cover digital entertainment and major IP strategy across platforms including smart devices.,https://www.hd.square-enix.com/eng/,https://www.hd.square-enix.com/eng/ir/library/ar.html,https://www.jp.square-enix.com/,3,High,Send only after adding strong product video and content roadmap.,Not Started,2026-06-02,,,大型上市游戏发行商；集团年收入数千亿日元级。,"Final Fantasy, Dragon Quest, mobile titles; major IP publishing",未公开商务邮箱,未找到公开商务邮箱；建议使用官方联系入口：https://www.hd.square-enix.com/eng/contact/
JP-022,B,22,Cygames,Japan,"Tokyo, Japan",https://www.cygames.co.jp/en/,Mobile/console game developer under CyberAgent,"Granblue Fantasy, Uma Musume, Shadowverse; global mobile/PC portfolio",17,11,16,13,6,63,Co-development; publishing collaboration; strategic partnership,Business Development; Global Business; CyberAgent SGE,Corporate inquiry; parent-company route,https://www.cygames.co.jp/en/contact/,Use only if creative quality/world-building is strong; Cygames is more likely partner than buyer.,Official company profile lists mobile/console games and CyberAgent relationship.,https://www.cygames.co.jp/en/corporate/profile/,https://www.cygames.co.jp/en/games/,https://report.cyberagent.co.jp/en/game/,3,High,"If no direct route, approach CyberAgent SGE first.",Not Started,2026-06-02,,,中小型游戏发行/开发公司；公开资料未披露收入，按约11-200人级工作室处理。,"Granblue Fantasy, Uma Musume, Shadowverse; global mobile/PC portfolio",未公开商务邮箱,未找到公开商务邮箱；建议使用官方联系入口：https://www.cygames.co.jp/en/contact/
JP-023,B,23,Konami Digital Entertainment,Japan,"Tokyo, Japan",https://www.konami.com/games/corporate/en/,Public game publisher/developer,"eFootball, Yu-Gi-Oh!, mobile games; global publishing",16,13,13,15,6,63,Publishing; co-development; IP partnership,Digital Entertainment business; Mobile publishing,Corporate contact; IR contact,https://www.konami.com/games/inquiry/,Pitch if metrics are unusually strong; otherwise lower fit due IP/sports/card focus.,Official corporate/game sites show mobile and global digital entertainment operations.,https://www.konami.com/games/corporate/en/,https://www.konami.com/ir/en/,https://www.konami.com/games/us/en/,3,High,Approach as opportunistic B/A borderline; keep email concise.,Not Started,2026-06-02,,,Konami Group 数字娱乐主力；集团年收入数千亿日元级。,"eFootball, Yu-Gi-Oh!, mobile games; global publishing",未公开商务邮箱,未找到公开商务邮箱；建议使用官方联系入口：https://www.konami.com/games/inquiry/
JP-024,B,24,Akatsuki Games,Japan,"Tokyo, Japan",https://aktsk.com/en/games/,Mobile game developer/publisher,Dragon Ball Z Dokkan Battle co-development; Tribe Nine; mobile operations,16,11,15,11,7,60,Publishing; co-development; strategic partnership,Business Development; Game Production,Corporate contact; Akatsuki group contact,https://aktsk.com/en/contact/,Frame as a mobile service project with US proof and potential co-development/LiveOps support.,Official site lists game portfolio and business focus.,https://aktsk.com/en/games/,https://aktsk.com/en/company/,https://aktsk.jp/en/,3,High,Approach via group contact; keep acquisition ask secondary.,Not Started,2026-06-02,,,中小型游戏发行/开发公司；公开资料未披露收入，按约11-200人级工作室处理。,Dragon Ball Z Dokkan Battle co-development; Tribe Nine; mobile operations,未公开商务邮箱,未找到公开商务邮箱；建议使用官方联系入口：https://aktsk.com/en/contact/
JP-025,B,25,Drecom,Japan,"Tokyo, Japan",https://drecom.co.jp/en/,Public game/media company,"Mobile games, IP/content, Wizardry-related projects",16,12,14,11,7,60,Publishing; co-development; investment; asset deal,Game business; Business Development,Corporate inquiry; IR,https://drecom.co.jp/en/contact/,Pitch as a mobile F2P production with US evidence and room for IP/content expansion.,Official pages show game/content business and investor materials.,https://drecom.co.jp/en/,https://drecom.co.jp/en/ir/,https://drecom.co.jp/en/service/,3,High,Approach BD with teaser; ask whether publishing or investment review is appropriate.,Not Started,2026-06-02,,,上市/挂牌游戏公司；未在本轮补充精确收入，按年收入数十亿至数百亿日元/千亿韩元级处理。,"Mobile games, IP/content, Wizardry-related projects",未公开商务邮箱,未找到公开商务邮箱；建议使用官方联系入口：https://drecom.co.jp/en/contact/
JP-026,B,26,SEGA,Japan,"Tokyo, Japan",https://www.sega.co.jp/en/,Public game publisher/developer within SEGA SAMMY,"Sonic, Persona publishing via Atlus, mobile/F2P portfolio",15,12,12,15,6,60,Publishing; strategic partnership; acquisition only if scale/fit exceptional,Global Publishing; Mobile/F2P; Corporate Development,Corporate inquiry and IR contact,https://www.sega.co.jp/en/contact/,Approach as long-shot strategic publisher; highlight US performance and fit with global live-service ambitions.,Official corporate/IR materials cover games and global entertainment strategy.,https://www.sega.co.jp/en/,https://www.segasammy.co.jp/en/ir/,https://www.sega.co.jp/en/release/,3,High,Treat as B-tier unless warm intro exists.,Not Started,2026-06-02,,,SEGA SAMMY 旗下游戏主力；集团年收入数千亿日元级。,"Sonic, Persona publishing via Atlus, mobile/F2P portfolio",未公开商务邮箱,未找到公开商务邮箱；建议使用官方联系入口：https://www.sega.co.jp/en/contact/
JP-027,B,27,Marvelous,Japan,"Tokyo, Japan",https://corp.marv.jp/english/,Public entertainment/game publisher,"Story of Seasons, Rune Factory, mobile/console games",15,11,13,12,7,58,Publishing; co-development; IP partnership; MG,Game Business; Global Publishing,Corporate inquiry; IR contact,https://corp.marv.jp/english/contact/,"Interesting because cozy/farming adjacency exists; pitch as mobile casual adventure, not hardcore gacha.",Official site shows game business and global releases.,https://corp.marv.jp/english/,https://corp.marv.jp/english/business/,https://corp.marv.jp/english/ir/,3,High,Use cozy/farming similarity angle; send gameplay-first email.,Not Started,2026-06-02,,,上市/挂牌游戏公司；未在本轮补充精确收入，按年收入数十亿至数百亿日元/千亿韩元级处理。,"Story of Seasons, Rune Factory, mobile/console games",未公开商务邮箱,未找到公开商务邮箱；建议使用官方联系入口：https://corp.marv.jp/english/contact/
KR-028,B,28,CookApps,Korea,"Seongnam, Korea",https://cookapps.com/,Casual/mobile game developer/publisher,"Merge Manor, My Home; casual puzzle/merge mobile portfolio",15,8,19,9,7,58,Publishing; UA collaboration; acquisition-light partnership,Publishing; Business Development,Official contact; LinkedIn,https://cookapps.com/contact,Strong casual/merge adjacency; likely practical feedback even if not a large buyer.,Official site shows casual mobile portfolio and studio/company profile.,https://cookapps.com/,https://cookapps.com/games,https://www.linkedin.com/company/cookapps/,3,Medium,B wave; lead with Family Island/merge-sim metrics.,Not Started,2026-06-02,,,中小型休闲手游公司；公开公司资料常见规模约51-200人级。,"Merge Manor, My Home; casual puzzle/merge mobile portfolio",socialclub@cookapps.com,官网公开邮箱；另有 recruit@，不建议用于BD。
KR-029,B,29,HAEGIN,Korea,"Seoul, Korea",https://haegin.kr/,Mobile game developer/publisher,"Play Together, Homerun Clash, casual/social mobile games",15,9,17,10,7,58,Publishing; strategic collaboration; investment if strategic,Business Development; Publishing,Official contact; LinkedIn,https://haegin.kr/contact,Strong audience/genre adjacency through casual social mobile; likely partner rather than acquirer.,Official site lists casual/social mobile portfolio.,https://haegin.kr/,https://haegin.kr/games,https://www.linkedin.com/company/haegin/,3,Medium,B wave; lead with genre/audience overlap and US metrics.,Not Started,2026-06-02,,,中小型游戏发行/开发公司；公开资料未披露收入，按约11-200人级工作室处理。,"Play Together, Homerun Clash, casual/social mobile games",biz@haegin.kr,官网公开 biz 邮箱。
KR-030,B,30,Nexon Korea / Nexon,Korea,"Seongnam/Tokyo, Korea/Japan",https://www.nexon.com/,Public global game publisher,"MapleStory, Dungeon&Fighter, mobile/PC portfolio; global investments/acquisitions",14,14,10,15,5,58,Strategic investment; acquisition; publishing,Corporate Development; New Games; Mobile Publishing,Corporate/IR contact; LinkedIn,https://ir.nexon.co.jp/en/,Fit is mostly strategic diversification; needs exceptional KPI proof.,"Official IR/company pages show global portfolio, M&A and IP focus.",https://www.nexon.com/,https://ir.nexon.co.jp/en/,https://www.nexon.com/main/en/game,3,High,Approach only with warm intro or after stronger casual-first buyers.,Not Started,2026-06-02,,,全球大型上市游戏公司；年收入数千亿日元级，员工数千人级。,"MapleStory, Dungeon&Fighter, mobile/PC portfolio; global investments/acquisitions",未公开商务邮箱,未找到公开商务邮箱；建议使用官方联系入口：https://ir.nexon.co.jp/en/
JP-031,B,31,Aniplex,Japan,"Tokyo, Japan",https://www.aniplex.co.jp/eng/,Sony Music anime/game publisher,"Fate/Grand Order, Disney Twisted-Wonderland, anime IP mobile games",15,10,13,13,6,57,IP partnership; publishing; co-development,Game business; IP licensing; Production,Corporate inquiry; Sony/Aniplex contact,https://www.aniplex.co.jp/eng/contact/,Use if the game has character/IP roadmap; otherwise not a pure casual buyer.,Official site lists games and anime IP; FGO/Twisted-Wonderland demonstrate mobile publishing capability.,https://www.aniplex.co.jp/eng/,https://www.aniplex.co.jp/eng/game.html,https://www.sonymusic.co.jp/eng/,3,High,Send later unless deck emphasizes characters/world.,Not Started,2026-06-02,,,中小型游戏发行/开发公司；公开资料未披露收入，按约11-200人级工作室处理。,"Fate/Grand Order, Disney Twisted-Wonderland, anime IP mobile games",未公开商务邮箱,未找到公开商务邮箱；建议使用官方联系入口：https://www.aniplex.co.jp/eng/contact/
KR-032,B,32,Devsisters,Korea,"Seoul, Korea",https://www.devsisters.com/en,Public mobile game developer/publisher,CookieRun franchise; global mobile live-service and IP business,14,10,14,12,7,57,Publishing; strategic partnership; IP collaboration,Global Business; Publishing; Corporate Strategy,Corporate inquiry; IR,https://www.devsisters.com/en/contact,Pitch as casual F2P team with US proof; buyer fit depends on portfolio diversification appetite.,"Official site lists CookieRun franchise, global business and investor/company info.",https://www.devsisters.com/en,https://www.devsisters.com/en/games,https://www.devsisters.com/en/ir,3,High,B wave; use casual audience fit.,Not Started,2026-06-02,,,上市移动游戏/IP公司；CookieRun 系列全球化，年收入千亿韩元级。,CookieRun franchise; global mobile live-service and IP business,biz@devsisters.com; bplan@devsisters.com; pr@devsisters.com; ir@devsisters.com,官网 Contact 页面公开业务/事业/PR/IR邮箱；BD优先 biz@ 或 bplan@。
KR-033,B,33,Wemade Play,Korea,"Seongnam, Korea",https://www.wemadeplay.com/,Casual/mobile game publisher under Wemade group,Anipang franchise; casual puzzle/mobile portfolio,15,9,17,9,7,57,Publishing; co-development; strategic partnership,Casual game business; BD,Corporate contact; parent route,https://www.wemadeplay.com/,Casual-game fit is good; investment capacity likely smaller than parent.,Official site lists Anipang/casual mobile portfolio and company details.,https://www.wemadeplay.com/,https://www.wemadeplay.com/game,https://www.wemade.com/en,3,Medium,B wave; frame as casual expansion partner.,Not Started,2026-06-02,,,中小型休闲手游公司；公开公司资料常见规模约51-200人级。,Anipang franchise; casual puzzle/mobile portfolio,contact@wemade.com; ir@wemade.com,母公司 Wemade 官网公开邮箱；建议备注转 Wemade Play/casual team。
JP-034,B,34,Koei Tecmo Games,Japan,"Yokohama, Japan",https://www.koeitecmo.co.jp/e/,Public game publisher/developer,"Romance of the Three Kingdoms, Atelier, mobile adaptations",14,11,12,13,6,56,Publishing; co-development; IP partnership,Global Business; Mobile/Game Production,Corporate contact; IR,https://www.koeitecmo.co.jp/e/contact/,Only if product can be localized with strong character/world progression hooks.,Official site and IR confirm game publishing/development and global sales.,https://www.koeitecmo.co.jp/e/,https://www.koeitecmo.co.jp/e/ir/,https://www.koeitecmoamerica.com/,3,High,Send after A-list; keep ask to publishing review.,Not Started,2026-06-02,,,上市游戏集团核心子公司；集团年收入数百亿日元级。,"Romance of the Three Kingdoms, Atelier, mobile adaptations",未公开商务邮箱,未找到公开商务邮箱；建议使用官方联系入口：https://www.koeitecmo.co.jp/e/contact/
JP-035,B,35,Bushiroad,Japan,"Tokyo, Japan",https://bushiroad.co.jp/en/,Public IP/card/mobile game company,"BanG Dream!, D4DJ, card games, mobile games",14,10,13,11,7,55,Publishing; IP partnership; co-development,Game business; IP/content business,Corporate inquiry; IR,https://bushiroad.co.jp/en/contact/,Better fit if game can support character/content expansion or Japan operation.,"Official site lists game, IP, and mobile entertainment businesses.",https://bushiroad.co.jp/en/,https://bushiroad.co.jp/en/company/,https://bushiroad.co.jp/en/ir/,3,High,Approach as B-tier Japan/IP publisher.,Not Started,2026-06-02,,,上市/挂牌游戏公司；未在本轮补充精确收入，按年收入数十亿至数百亿日元/千亿韩元级处理。,"BanG Dream!, D4DJ, card games, mobile games",ir@bushiroad.com; support@bushiroad.com,英文 Contact 页面公开 IR/support 邮箱；非发行BD专属，建议邮件请求转给游戏业务/投资合作负责人。
JP-036,B,36,Capcom,Japan,"Osaka, Japan",https://www.capcom.co.jp/ir/english/,Public game publisher/developer,"Monster Hunter, Resident Evil, mobile licensing/collaboration",14,10,11,15,5,55,IP collaboration; publishing; strategic partnership,Mobile/licensing; Corporate Planning,Corporate inquiry; IR,https://www.capcom-games.com/en-us/contact/,Low direct buyer fit unless there is IP/collaboration potential; use as opportunistic target.,Official IR and product sites cover global game portfolio and mobile titles/licensing.,https://www.capcom.co.jp/ir/english/,https://www.capcom-games.com/en-us/,https://www.capcom.co.jp/ir/english/business/mobile.html,3,High,Only pursue with warm intro or strong reason.,Not Started,2026-06-02,,,大型上市游戏公司；年收入千亿日元级，高利润全球发行商。,"Monster Hunter, Resident Evil, mobile licensing/collaboration",未公开商务邮箱,未找到公开商务邮箱；建议使用官方联系入口：https://www.capcom-games.com/en-us/contact/
KR-037,B,37,BitMango,Korea,"Seongnam, Korea",https://www.bitmango.com/,Mobile casual puzzle publisher/developer,"Word Cookies, Roll the Ball; casual puzzle portfolio",14,7,18,9,7,55,Publishing; UA/test partnership; revenue share,Publishing; Developer Relations,Official contact; LinkedIn,https://www.bitmango.com/contact,Good casual mobile operator; less likely strategic acquisition but useful as publisher/operator.,Official site lists casual mobile game portfolio.,https://www.bitmango.com/,https://www.bitmango.com/games,https://www.linkedin.com/company/bitmango/,3,Medium,B/C wave; ask for publishing and UA support.,Not Started,2026-06-02,,,中小型休闲手游公司；公开公司资料常见规模约51-200人级。,"Word Cookies, Roll the Ball; casual puzzle portfolio",未公开商务邮箱,未找到公开商务邮箱；建议使用官方联系入口：https://www.bitmango.com/contact
KR-038,B,38,NHN,Korea,"Seongnam, Korea",https://www.nhn.com/en,Public internet/game company,"Hangame, mobile/PC game services; NHN PlayArt Japan",14,10,12,12,7,55,Publishing; Japan/Korea operation; strategic partnership,Game business; Global business,Corporate contact; IR,https://www.nhn.com/en/contact,Potential regional publishing/operator for Korea/Japan with platform capabilities.,Official site covers game business and global subsidiaries.,https://www.nhn.com/en,https://www.nhn.com/en/business/game,https://www.nhn.com/en/ir,3,High,B wave; ask for game business review.,Not Started,2026-06-02,,,上市互联网/游戏集团；集团年收入万亿韩元级，游戏为业务板块之一。,"Hangame, mobile/PC game services; NHN PlayArt Japan",未公开商务邮箱,未找到公开商务邮箱；建议使用官方联系入口：https://www.nhn.com/en/contact
KR-039,B,39,Springcomes,Korea,"Seoul, Korea",https://springcomes.com/,Mobile casual game studio,Merge and casual titles; acquired/targeted in NC casual ecosystem,14,8,18,8,6,54,Partner intro; publishing via parent/NC; peer benchmark,Business Development; parent ecosystem,Official contact; NC route,https://springcomes.com/,"Not a standalone buyer if ownership changed, but useful for NC casual ecosystem mapping.",Official site lists casual mobile titles; NC official release names Springcomes as mobile casual studio.,https://springcomes.com/,https://about.ncsoft.com/en/news/article/news_update_251222,https://about.ncsoft.com/en/news/article/news_update_260312,3,Medium,Do not cold pitch separately if targeting NCSOFT; use as evidence for NC fit.,Not Started,2026-06-02,,,中小型休闲手游公司；公开公司资料常见规模约51-200人级。,Merge and casual titles; acquired/targeted in NC casual ecosystem,未公开商务邮箱,未找到公开商务邮箱；建议使用官方联系入口：https://springcomes.com/
JP-040,B,40,Happy Elements K.K.,Japan,"Kyoto/Tokyo, Japan",https://www.happyelements.co.jp/en/,Mobile game developer/publisher,"Ensemble Stars!!, Merc Storia; Japan mobile live service",14,9,14,10,6,53,Publishing; co-development; Japan operation,Business Development; Game Production,Corporate contact; LinkedIn,https://www.happyelements.co.jp/en/contact/,"Pitch only if looking for Japan operation or live-service expertise, not acquisition first.",Official site lists mobile game portfolio and company profile.,https://www.happyelements.co.jp/en/,https://www.happyelements.co.jp/en/games/,https://www.linkedin.com/company/happy-elements-k-k-/,3,Medium,Use after A/B top batch; direct BD/contact form.,Not Started,2026-06-02,,,中小型游戏发行/开发公司；公开资料未披露收入，按约11-200人级工作室处理。,"Ensemble Stars!!, Merc Storia; Japan mobile live service",未公开商务邮箱,未找到公开商务邮箱；建议使用官方联系入口：https://www.happyelements.co.jp/en/contact/
JP-041,B,41,Nintendo,Japan,"Kyoto, Japan",https://www.nintendo.co.jp/corporate/en/,Public platform/IP owner and publisher,Nintendo mobile collaborations; Animal Crossing/Pikmin/Fire Emblem mobile history,13,9,12,15,4,53,Strategic partnership; unlikely acquisition/publishing,Mobile/IP partnership; Business Development,Corporate contact; investor relations,https://www.nintendo.co.jp/corporate/en/contact/index.html,Very low-probability; relevant only if the team has exceptional cozy simulation IP/design proof.,Official corporate materials cover mobile/IP strategy but external publishing appetite is limited.,https://www.nintendo.co.jp/corporate/en/,https://www.nintendo.co.jp/ir/en/,https://www.nintendo.com/us/store/mobile-games/,3,High,Do not include in first cold batch unless a warm intro exists.,Not Started,2026-06-02,,,全球头部上市游戏/IP公司；年收入万亿日元级，员工数数千人级。,Nintendo mobile collaborations; Animal Crossing/Pikmin/Fire Emblem mobile history,未公开商务邮箱,未找到公开商务邮箱；建议使用官方联系入口：https://www.nintendo.co.jp/corporate/en/contact/index.html
KR-042,B,42,Gravity,Korea,"Seoul, Korea",https://www.gravity.co.kr/en,Public game publisher/developer,Ragnarok IP mobile/PC global publishing; regional operations,13,10,11,12,7,53,Publishing; regional launch; IP/game partnership,Global business; Publishing,Corporate contact; IR,https://www.gravity.co.kr/en/company/contact.asp,"A regional publishing candidate, not first-choice investor.",Official site lists global game business and Ragnarok mobile/PC portfolio.,https://www.gravity.co.kr/en,https://www.gravity.co.kr/en/games/games.asp,https://www.gravity.co.kr/en/ir/ir.asp,3,High,B wave; ask for global publishing evaluation.,Not Started,2026-06-02,,,NASDAQ上市游戏公司；Ragnarok IP 全球发行，年收入千亿韩元级。,Ragnarok IP mobile/PC global publishing; regional operations,未公开商务邮箱,未找到公开商务邮箱；建议使用官方联系入口：https://www.gravity.co.kr/en/company/contact.asp
KR-043,B,43,Mobirix,Korea,"Seoul, Korea",https://www.mobirix.com/,Public mobile game publisher/developer,Large catalog of casual/arcade/mobile titles,13,7,17,9,7,53,Publishing; global distribution; revenue share,Publishing; Business Development,Official contact; IR,https://www.mobirix.com/contact,Catalog publisher fit; likely tactical publishing more than acquisition.,Official site lists large mobile game portfolio and company/IR info.,https://www.mobirix.com/,https://www.mobirix.com/game,https://www.mobirix.com/ir,3,Medium,B/C wave; use concise metrics and ask for catalogue publishing review.,Not Started,2026-06-02,,,上市/挂牌游戏公司；未在本轮补充精确收入，按年收入数十亿至数百亿日元/千亿韩元级处理。,Large catalog of casual/arcade/mobile titles,master@mobirix.com,官网公开通用邮箱。
JP-044,B,44,Pokelabo,Japan,"Tokyo, Japan",https://pokelabo.co.jp/en/,Mobile game brand under GREE/WFS,"SINoALICE, Assault Lily Last Bullet; live-service mobile games",14,8,14,10,6,52,Co-development; publishing via GREE/WFS,WFS/GREE live-service; Pokelabo brand,WFS/GREE contact preferred,https://www.wfs.games/en/contact/,Treat as route to GREE/WFS rather than independent buyer.,Official site and GREE restructuring coverage show Pokelabo as GREE mobile/live-service brand.,https://pokelabo.co.jp/en/,https://www.wfs.games/en/,https://www.gematsu.com/2024/11/gree-establishes-gree-studios-to-manage-consumer-games-business-live-service-games-business-absorbed-by-wfs,3,Medium,Do not duplicate if already contacting GREE/WFS; use as named reference.,Not Started,2026-06-02,,,中小型游戏发行/开发公司；公开资料未披露收入，按约11-200人级工作室处理。,"SINoALICE, Assault Lily Last Bullet; live-service mobile games",未公开商务邮箱,未找到公开商务邮箱；建议使用官方联系入口：https://www.wfs.games/en/contact/
KR-045,B,45,Pearl Abyss,Korea,"Anyang, Korea",https://www.pearlabyss.com/en-US,Public game developer/publisher,"Black Desert, EVE-related CCP ownership; global self-publishing",13,11,8,14,6,52,Strategic partnership; publishing; acquisition unlikely,Global Business; Corporate Strategy,Corporate inquiry; IR,https://www.pearlabyss.com/en-US/Company/Contact,Low genre fit but global publishing resources; useful if they seek portfolio diversification.,Official site/IR show global game publishing and large live-service operation.,https://www.pearlabyss.com/en-US,https://www.pearlabyss.com/en-US/IR/Archive,https://www.pearlabyss.com/en-US/Game/BlackDesert,3,High,B wave; keep message short and data-led.,Not Started,2026-06-02,,,上市游戏公司；年收入数千亿韩元级，全球自发行能力。,"Black Desert, EVE-related CCP ownership; global self-publishing",business@pearlabyss.com; contact@pearlabyss.com,官网公开 Business/Contact 邮箱；BD优先 business@。
KR-046,B,46,Wemade,Korea,"Seongnam, Korea",https://www.wemade.com/en,Public game/blockchain publisher,MIR franchise; Wemix ecosystem; mobile/PC publishing,12,12,9,12,7,52,Publishing; strategic investment; blockchain optionality,Publishing; Investment; Global Business,Corporate inquiry; IR,https://www.wemade.com/en/contact,Fit is weaker unless they need non-MMORPG mobile diversification or Web3 angle is useful.,Official site/IR covers game publishing and global platform strategy.,https://www.wemade.com/en,https://www.wemade.com/en/games,https://www.wemade.com/en/ir,3,High,B wave; do not lead with Web3 unless they ask.,Not Started,2026-06-02,,,上市游戏/平台公司；MIR/WEMIX 生态，年收入千亿韩元级。,MIR franchise; Wemix ecosystem; mobile/PC publishing,contact@wemade.com; ir@wemade.com; wemadejapan@wemade.co.jp,官网公开集团联系、IR、日本法人邮箱；BD中国邮箱不作为日韩首选。
JP-047,B,47,enish,Japan,"Tokyo, Japan",https://www.enish.com/en/,Public mobile game developer/publisher,"Yuru Camp mobile, De:Lithe, IP-based mobile games",13,9,13,9,7,51,Publishing; co-development; asset deal,Business Development; Game Production,Corporate inquiry; IR,https://www.enish.com/en/contact/,Possible mid-market publisher if they need a lower-risk tested project.,Official site lists mobile game business and IR/company information.,https://www.enish.com/en/,https://www.enish.com/en/service/,https://www.enish.com/en/ir/,3,Medium,Include in B/C batch; ask for publishing/MG interest.,Not Started,2026-06-02,,,上市/挂牌游戏公司；未在本轮补充精确收入，按年收入数十亿至数百亿日元/千亿韩元级处理。,"Yuru Camp mobile, De:Lithe, IP-based mobile games",info@enish.com; pr@enish.com,官网公开通用/PR邮箱；建议并行官网表单。
KR-048,B,48,LINE Games,Korea,"Seoul, Korea",https://line.games/en/,Game publisher/developer linked to LINE ecosystem,"Exos Heroes, Undecember, Buried Stars; mobile/PC publishing",13,9,11,11,7,51,Publishing; co-development; Korea/Japan distribution,Business Development; Publishing,Corporate contact; LinkedIn,https://line.games/en/contact,Potential publisher with Japan/Korea channel advantages; acquisition less likely.,Official site lists portfolio and publishing/development business.,https://line.games/en/,https://line.games/en/games,https://www.linkedin.com/company/line-games/,3,Medium,B/C wave; ask for publishing review.,Not Started,2026-06-02,,,中小型游戏发行/开发公司；公开资料未披露收入，按约11-200人级工作室处理。,"Exos Heroes, Undecember, Buried Stars; mobile/PC publishing",linegames_biz@line.games; ir@line.games,官网 Company 页面公开 biz/IR 邮箱；BD优先 linegames_biz@，game_service support 邮箱已排除。
JP-049,B,49,QualiArts,Japan,"Tokyo, Japan",https://qualiarts.jp/,CyberAgent SGE mobile game subsidiary,"IDOLY PRIDE, Girlfriend Beta; smartphone game production",13,8,13,10,6,50,Co-development; publishing via CyberAgent,CyberAgent SGE; QualiArts production,Corporate contact; parent route,https://qualiarts.jp/contact/,Use as a production/partnership angle within CyberAgent group.,Official site lists smartphone game production; CyberAgent report identifies QualiArts within SGE.,https://qualiarts.jp/,https://report.cyberagent.co.jp/en/game/,https://www.cyberagent.co.jp/en/,3,Medium,Approach through CyberAgent if no direct warm intro.,Not Started,2026-06-02,,,中小型游戏发行/开发公司；公开资料未披露收入，按约11-200人级工作室处理。,"IDOLY PRIDE, Girlfriend Beta; smartphone game production",未公开商务邮箱,未找到公开商务邮箱；建议使用官方联系入口：https://qualiarts.jp/contact/
JP-050,B,50,Sumzap,Japan,"Tokyo, Japan",https://sumzap.co.jp/,CyberAgent mobile game subsidiary,Jujutsu Kaisen Phantom Parade; KonoSuba Fantastic Days,13,8,13,10,6,50,Co-development; publishing via CyberAgent,CyberAgent SGE; Sumzap production,Corporate site/contact; parent route,https://sumzap.co.jp/contact/,"Relevant for mobile live-service production, less likely direct investor.",Official site lists mobile game titles; CyberAgent report places Sumzap in SGE ecosystem.,https://sumzap.co.jp/,https://report.cyberagent.co.jp/en/game/,https://www.cyberagent.co.jp/en/,3,Medium,Use only if CyberAgent asks for subsidiary-level evaluation.,Not Started,2026-06-02,,,中小型游戏发行/开发公司；公开资料未披露收入，按约11-200人级工作室处理。,Jujutsu Kaisen Phantom Parade; KonoSuba Fantastic Days,未公开商务邮箱,未找到公开商务邮箱；建议使用官方联系入口：https://sumzap.co.jp/contact/
KR-051,B,51,JOYCITY,Korea,"Seongnam, Korea",https://joycity.com/en/,Public mobile/PC game developer/publisher,"Gunship Battle, Pirates of the Caribbean: Tides of War, Freestyle",13,8,11,11,7,50,Publishing; co-development; regional/global operation,Global Business; Publishing,Corporate inquiry; IR,https://joycity.com/en/contact,Useful mid-market publisher if they want non-core casual expansion.,Official site lists global mobile/PC portfolio and IR.,https://joycity.com/en/,https://joycity.com/en/games,https://joycity.com/en/ir,3,Medium,B/C wave; ask for publishing/MG appetite.,Not Started,2026-06-02,,,上市移动/PC游戏公司；年收入千亿韩元级。,"Gunship Battle, Pirates of the Caribbean: Tides of War, Freestyle",未公开商务邮箱,未找到公开商务邮箱；建议使用官方联系入口：https://joycity.com/en/contact
JP-052,B,52,Aiming,Japan,"Tokyo, Japan",https://aiming-inc.com/en/,Public online/mobile game developer,"Dragon Quest Tact development, Caravan Stories, mobile/online games",13,8,12,9,7,49,Co-development; publishing; Japan operation,Business Development; Development Partnership,Corporate inquiry; IR,https://aiming-inc.com/en/contact/,"Could review as co-dev/Japan operation, less likely investor.",Official site lists online game development and IR details.,https://aiming-inc.com/en/,https://aiming-inc.com/en/service/,https://aiming-inc.com/en/ir/,3,Medium,Send if seeking Japan co-dev/operator alternatives.,Not Started,2026-06-02,,,上市/挂牌游戏公司；未在本轮补充精确收入，按年收入数十亿至数百亿日元/千亿韩元级处理。,"Dragon Quest Tact development, Caravan Stories, mobile/online games",未公开商务邮箱,未找到公开商务邮箱；建议使用官方联系入口：https://aiming-inc.com/en/contact/
JP-053,B,53,Mynet,Japan,"Tokyo, Japan",https://mynet.co.jp/en/,Public mobile game operations/acquisition company,"Mobile game operation, title acquisition/management",11,13,10,8,7,49,Asset acquisition; operation transfer; revenue-share operation,Game service acquisition/operation team,Corporate inquiry; IR,https://mynet.co.jp/en/contact/,Could be relevant for asset sale or operating takeover if cash need is urgent.,"Official site focuses on mobile game operation, acquisition, and title management.",https://mynet.co.jp/en/,https://mynet.co.jp/en/service/,https://mynet.co.jp/en/ir/,3,Medium,Use as fallback if full strategic buyer path stalls.,Not Started,2026-06-02,,,上市移动游戏运营/收购公司；以接手和运营移动游戏资产为核心。,"Mobile game operation, title acquisition/management",未公开商务邮箱,未找到公开商务邮箱；建议使用官方联系入口：https://mynet.co.jp/en/contact/
KR-054,B,54,SHIFT UP,Korea,"Seoul, Korea",https://shiftup.co.kr/eng/,Public/major developer with mobile hit,"Goddess of Victory: NIKKE, Stellar Blade; expanding self-publishing capabilities",12,10,10,12,5,49,Strategic partnership; publishing unlikely; investment unlikely,Self-publishing/global business,Corporate contact; IR,https://shiftup.co.kr/eng/contact/,Low fit unless seeking peer conversation or co-publishing; not a first wave target.,Official site lists mobile/console portfolio and corporate information.,https://shiftup.co.kr/eng/,https://shiftup.co.kr/eng/games/,https://shiftup.co.kr/eng/ir/,3,Medium,C wave; only with warm intro.,Not Started,2026-06-02,,,韩国上市/大型游戏开发商；NIKKE 与 Stellar Blade 带来全球收入规模。,"Goddess of Victory: NIKKE, Stellar Blade; expanding self-publishing capabilities",未公开商务邮箱,未找到公开商务邮箱；建议使用官方联系入口：https://shiftup.co.kr/eng/contact/
KR-055,B,55,Super Planet,Korea,"Seoul, Korea",https://superplanet.co.kr/en,Mobile game publisher/developer,Idle/collectible/mobile publishing portfolio,12,7,15,8,7,49,Publishing; UA/test partnership; revenue share,Publishing; Business Development,Official contact; LinkedIn,https://superplanet.co.kr/en/contact,Possible publisher for casual/idle-oriented mobile audiences.,Official site lists mobile publishing and game portfolio.,https://superplanet.co.kr/en,https://superplanet.co.kr/en/games,https://www.linkedin.com/company/superplanet/,3,Medium,B/C wave; ask for publishing review.,Not Started,2026-06-02,,,中小型游戏发行/开发公司；公开资料未披露收入，按约11-200人级工作室处理。,Idle/collectible/mobile publishing portfolio,未公开商务邮箱,未找到公开商务邮箱；建议使用官方联系入口：https://superplanet.co.kr/en/contact
JP-056,B,56,AltPlus,Japan,"Tokyo, Japan",https://www.altplus.co.jp/en/,Public mobile game developer/operator,Mobile game development/operation; entertainment services,12,8,12,9,7,48,Co-development; operation support; publishing partnership,Game business; Business Development,Corporate inquiry; IR,https://www.altplus.co.jp/en/contact/,Better as operations/co-dev partner than strategic buyer.,Official site covers mobile game development/operation and investor pages.,https://www.altplus.co.jp/en/,https://www.altplus.co.jp/en/service/,https://www.altplus.co.jp/en/ir/,3,Medium,Use in second wave for operational partnership/MG.,Not Started,2026-06-02,,,上市/挂牌游戏公司；未在本轮补充精确收入，按年收入数十亿至数百亿日元/千亿韩元级处理。,Mobile game development/operation; entertainment services,未公开商务邮箱,未找到公开商务邮箱；建议使用官方联系入口：https://www.altplus.co.jp/en/contact/
JP-057,B,57,Appirits,Japan,"Tokyo, Japan",https://appirits.com/,Public web/game development and operation company,Online/mobile game development and operation services,12,8,12,9,7,48,Co-development; operation outsourcing; publishing support,Game service; Business Development,Corporate inquiry,https://appirits.com/contact/,Operational partner candidate; not a first-call buyer.,Official site covers game development/operation and digital services.,https://appirits.com/,https://appirits.com/service/game/,https://www.appirits.co.jp/ir/,3,Medium,Use if you need Japan LiveOps/operation fallback.,Not Started,2026-06-02,,,上市/挂牌游戏公司；未在本轮补充精确收入，按年收入数十亿至数百亿日元/千亿韩元级处理。,Online/mobile game development and operation services,未公开商务邮箱,未找到公开商务邮箱；建议使用官方联系入口：https://appirits.com/contact/
JP-058,B,58,Bank of Innovation,Japan,"Tokyo, Japan",https://boi.jp/en/,Public mobile game developer,MementoMori; mobile game development,12,8,13,9,6,48,Publishing; co-development; strategic partnership,Business Development; Game Production,Corporate inquiry; IR,https://boi.jp/en/contact/,Fit depends on whether they want external projects; use metrics-first.,Official site lists mobile game business and IR/company info.,https://boi.jp/en/,https://boi.jp/en/service/,https://boi.jp/en/ir/,3,Medium,B/C wave; ask for external publishing appetite.,Not Started,2026-06-02,,,上市/挂牌游戏公司；未在本轮补充精确收入，按年收入数十亿至数百亿日元/千亿韩元级处理。,MementoMori; mobile game development,未公开商务邮箱,未找到公开商务邮箱；建议使用官方联系入口：https://boi.jp/en/contact/
JP-059,B,59,EXNOA / DMM GAMES,Japan,"Tokyo, Japan",https://games.dmm.com/,DMM game platform/publisher,"DMM GAMES platform, EXNOA operations, PC/mobile browser game distribution",12,8,11,10,7,48,Distribution; publishing; Japan platform partnership,EXNOA/DMM GAMES business development,Corporate inquiry; DMM contact,https://dmm-corp.com/contact/,"Useful for Japan distribution/operation, less for acquisition.",Official DMM/EXNOA pages describe game platform and services.,https://games.dmm.com/,https://dmm-corp.com/company/,https://dmm-corp.com/business/,3,Medium,Use if Japan distribution/platform is valuable.,Not Started,2026-06-02,,,平台/发行渠道型公司；业务体量通常高于单一工作室，按中型发行渠道处理。,"DMM GAMES platform, EXNOA operations, PC/mobile browser game distribution",未公开商务邮箱,未找到公开商务邮箱；建议使用官方联系入口：https://dmm-corp.com/contact/
JP-060,B,60,Yostar Japan,Japan,"Tokyo, Japan",https://www.yostar.co.jp/,Japan-based mobile game publisher/operator,"Azur Lane, Arknights, Blue Archive Japan publishing/operation",11,7,14,10,6,48,Japan publishing; localization; operation partnership,Business Development; Publishing; Operations,Official contact/corporate site; LinkedIn,https://www.yostar.co.jp/,A Japan publishing/operator option if the game has strong anime/cozy visuals or needs Japan market operation.,Official site lists Japan mobile publishing and operated titles; company profiles verify publisher role.,https://www.yostar.co.jp/,https://www.yostar.co.jp/games/,https://www.linkedin.com/company/yostar/,3,Medium,C/B wave; use if Japan-market publishing is a priority.,Not Started,2026-06-02,,,中小型游戏发行/开发公司；公开资料未披露收入，按约11-200人级工作室处理。,"Azur Lane, Arknights, Blue Archive Japan publishing/operation",未公开商务邮箱,未找到公开商务邮箱；建议使用官方联系入口：https://www.yostar.co.jp/
KR-061,C,61,LoadComplete,Korea,"Seoul, Korea",https://loadcomplete.com/,Mobile game developer/publisher,"Crusaders Quest, Goddess Order; mobile game development",12,7,12,8,7,46,Co-development; publishing; investment-light partnership,Business Development; Game Production,Official contact; LinkedIn,https://loadcomplete.com/contact,Smaller studio/publisher; useful for partnership or acqui-hire path.,Official site lists mobile game portfolio and company profile.,https://loadcomplete.com/,https://loadcomplete.com/games,https://www.linkedin.com/company/loadcomplete/,3,Medium,C/B wave; ask only after higher-capacity publishers.,Not Started,2026-06-02,,,中小型游戏发行/开发公司；公开资料未披露收入，按约11-200人级工作室处理。,"Crusaders Quest, Goddess Order; mobile game development",未公开商务邮箱,未找到公开商务邮箱；建议使用官方联系入口：https://loadcomplete.com/contact
KR-062,C,62,NPIXEL,Korea,"Seoul, Korea",https://npixel.co.kr/en,Private game developer/publisher,Gran Saga; Chrono Odyssey; mobile/PC/console ambitions,12,9,9,10,6,46,Publishing; co-development; strategic partnership,Global Business; Business Development,Corporate contact; LinkedIn,https://npixel.co.kr/en/contact,Genre fit is modest; possible if they seek revenue-diversifying mobile products.,Official site lists game portfolio and company info.,https://npixel.co.kr/en,https://npixel.co.kr/en/games,https://www.linkedin.com/company/npixel/,3,Medium,C/B wave; use only after casual-first companies.,Not Started,2026-06-02,,,民营游戏公司；公开公司资料常见规模约51-200人级。,Gran Saga; Chrono Odyssey; mobile/PC/console ambitions,business@npixel.co.kr,官网根页面公开 business 邮箱；同页 npixel@/privacy@/recruit@ 未作为BD首选。
JP-063,C,63,CYBIRD,Japan,"Tokyo, Japan",https://www.cybird.co.jp/en/,Mobile content/game company,Ikemen Series; mobile entertainment and IP content,11,7,12,8,7,45,Publishing; Japan localization; co-development,Game/content business; BD,Corporate inquiry,https://www.cybird.co.jp/en/contact/,Niche fit unless female/cozy audience overlap is strong.,Official site lists mobile content and game services.,https://www.cybird.co.jp/en/,https://www.cybird.co.jp/en/service/,https://www.cybird.co.jp/en/company/,3,Medium,Use only after audience overlap check.,Not Started,2026-06-02,,,中小型游戏发行/开发公司；公开资料未披露收入，按约11-200人级工作室处理。,Ikemen Series; mobile entertainment and IP content,otoiawase@cybird.co.jp,官网 Contact 页面公开日文 inquiry 邮箱；适合作为日本本地化/商务转接入口。
JP-064,C,64,DONUTS,Japan,"Tokyo, Japan",https://www.donuts.ne.jp/,Private internet/game company,"Tokyo 7th Sisters, D4DJ Groovy Mix operation; mobile apps/games",11,7,12,8,7,45,Publishing; co-development; Japan operation,Game business; BD,Corporate inquiry,https://www.donuts.ne.jp/contact/,Mid-market Japan operator; possible partner if seeking Japan launch support.,Official site lists game and app businesses.,https://www.donuts.ne.jp/,https://www.donuts.ne.jp/products/,https://www.donuts.ne.jp/company/,3,Medium,Include in B/C batch; ask for publishing/operation discussion.,Not Started,2026-06-02,,,民营游戏公司；公开公司资料常见规模约51-200人级。,"Tokyo 7th Sisters, D4DJ Groovy Mix operation; mobile apps/games",未公开商务邮箱,未找到公开商务邮箱；建议使用官方联系入口：https://www.donuts.ne.jp/contact/
JP-065,C,65,WonderPlanet,Japan,"Nagoya/Tokyo, Japan",https://wonderpla.net/en/,Public mobile game developer/publisher,"Crash Fever, Alice Fiction; mobile entertainment",11,7,12,8,7,45,Publishing; co-development; asset deal,Business Development; Game Production,Corporate inquiry; IR,https://wonderpla.net/en/contact/,Mid-market mobile publisher/operator with possible appetite for proven external product.,Official site lists mobile game portfolio and IR/company details.,https://wonderpla.net/en/,https://wonderpla.net/en/service/,https://wonderpla.net/en/ir/,3,Medium,Include in second/third wave.,Not Started,2026-06-02,,,上市/挂牌游戏公司；未在本轮补充精确收入，按年收入数十亿至数百亿日元/千亿韩元级处理。,"Crash Fever, Alice Fiction; mobile entertainment",未公开商务邮箱,未找到公开商务邮箱；建议使用官方联系入口：https://wonderpla.net/en/contact/
KR-066,C,66,AlohaFactory,Korea,"Seoul, Korea",https://alohafactory.co.kr/,Hypercasual/casual mobile developer,Casual mobile game production; investor-backed hypercasual studio,11,6,16,6,6,45,Publishing feedback; UA collaboration; peer partnership,Business Development; Studio leadership,Official contact; LinkedIn,https://alohafactory.co.kr/,Useful for casual benchmark or partner intro; not likely buyer.,Official site and investor sources describe casual/hypercasual game production.,https://alohafactory.co.kr/,https://partners.koreainvestment.com/file/download/media/1954364541_SWVExvYU_091564f527ea0b09bc3a9f5ae05e755b198e303d.pdf,https://www.linkedin.com/company/aloha-factory/,3,Medium,C wave; use for ecosystem intros.,Not Started,2026-06-02,,,中小型休闲手游公司；公开公司资料常见规模约51-200人级。,Casual mobile game production; investor-backed hypercasual studio,未公开商务邮箱,未找到公开商务邮箱；建议使用官方联系入口：https://alohafactory.co.kr/
KR-067,C,67,Dreamplay Games,Korea,"Seoul, Korea",https://dreamplaygames.co.kr/,Mobile game publisher/developer,Casual/mobile publishing catalog; global app store releases,10,6,14,7,6,43,Publishing; revenue share; Korea/global distribution,Publishing; Business Development,Official contact; LinkedIn,https://dreamplaygames.co.kr/,"Small publisher candidate for tactical distribution, not strategic buyer.",Official site and app publisher profiles show mobile game publishing.,https://dreamplaygames.co.kr/,https://play.google.com/store/apps/dev?id=Dreamplay+Games,https://www.linkedin.com/company/dreamplaygames/,3,Medium,C wave; use if seeking broad publisher sweep.,Not Started,2026-06-02,,,中小型游戏发行/开发公司；公开资料未披露收入，按约11-200人级工作室处理。,Casual/mobile publishing catalog; global app store releases,未公开商务邮箱,未找到公开商务邮箱；建议使用官方联系入口：https://dreamplaygames.co.kr/
JP-068,C,68,Edia,Japan,"Tokyo, Japan",https://edia.co.jp/,Public entertainment/mobile content company,"Mobile games, IP/content, publishing and licensing",10,7,10,8,7,42,Publishing; licensing; asset deal,Game/content business; BD,Corporate inquiry; IR,https://edia.co.jp/contact/,Small/mid option for Japan publishing or IP/content collaboration.,Official site lists game/content businesses and IR.,https://edia.co.jp/,https://edia.co.jp/business/,https://edia.co.jp/ir/,3,Medium,C wave; ask only after higher-probability routes.,Not Started,2026-06-02,,,上市/挂牌游戏公司；未在本轮补充精确收入，按年收入数十亿至数百亿日元/千亿韩元级处理。,"Mobile games, IP/content, publishing and licensing",未公开商务邮箱,未找到公开商务邮箱；建议使用官方联系入口：https://edia.co.jp/contact/
KR-069,C,69,SESISOFT,Korea,"Seoul, Korea",https://www.sesisoft.com/,Mobile game publisher/developer,Subculture/anime/mobile publishing; partnerships with larger publishers,10,7,10,8,7,42,Publishing; Korea launch; co-development,Publishing; Business Development,Official inquiry; LinkedIn,https://www.sesisoft.com/,Fit is weaker unless art/audience overlaps; useful Korea publisher candidate.,Official site describes mobile publishing/development and partnerships.,https://www.sesisoft.com/,https://www.linkedin.com/company/sesisoft/,https://www.sesisoft.com/contact,3,Medium,C wave; use only if target audience overlap exists.,Not Started,2026-06-02,,,中小型游戏发行/开发公司；公开资料未披露收入，按约11-200人级工作室处理。,Subculture/anime/mobile publishing; partnerships with larger publishers,biz@sesisoft.com,官网公开 biz 邮箱。
KR-070,C,70,TakeOne Company,Korea,"Seoul, Korea",https://www.takeonecompany.com/,Mobile game and content company,BTS World development heritage; Blackpink The Game; IP mobile titles,10,7,10,8,6,41,IP partnership; publishing; co-development,Business Development; Game/content business,Official contact; LinkedIn,https://www.takeonecompany.com/contact,Better if your game has character/IP content plan; not a pure UA buyer.,Official site lists IP/game content portfolio and company details.,https://www.takeonecompany.com/,https://www.takeonecompany.com/business,https://www.linkedin.com/company/takeonecompany/,3,Medium,C wave; pitch only with IP/world-building angle.,Not Started,2026-06-02,,,中小型游戏发行/开发公司；公开资料未披露收入，按约11-200人级工作室处理。,BTS World development heritage; Blackpink The Game; IP mobile titles,takeone@takeone.co.kr,官网公开通用邮箱。
JP-071,C,71,Voltage,Japan,"Tokyo, Japan",https://www.voltage.co.jp/en/,Public mobile storytelling/game company,"Romance apps, story games, mobile entertainment",9,6,10,8,7,40,Publishing; localization; niche partnership,Game/content business; BD,Corporate inquiry; IR,https://www.voltage.co.jp/en/contact/,Only relevant if female/cozy audience overlap exists.,Official site lists mobile storytelling apps and company/IR info.,https://www.voltage.co.jp/en/,https://www.voltage.co.jp/en/apps/,https://www.voltage.co.jp/en/ir/,3,Medium,C wave; do not prioritize unless audience fit is proven.,Not Started,2026-06-02,,,上市/挂牌游戏公司；未在本轮补充精确收入，按年收入数十亿至数百亿日元/千亿韩元级处理。,"Romance apps, story games, mobile entertainment",未公开商务邮箱,未找到公开商务邮箱；建议使用官方联系入口：https://www.voltage.co.jp/en/contact/
KR-072,C,72,4:33 Creative Lab,Korea,"Seoul, Korea",http://www.433.co.kr/,Mobile game developer/publisher,"Blade, Boxing Star, mobile action/social titles",10,7,9,8,6,40,Publishing; co-development; asset deal,Business Development,Official contact; LinkedIn,http://www.433.co.kr/,Lower fit but could be opportunistic if seeking external mobile titles.,Official/company profiles list mobile game portfolio.,http://www.433.co.kr/,https://www.linkedin.com/company/4-33-creative-lab/,https://www.mobygames.com/company/45418/433-creative-lab/,3,Medium,C wave only.,Not Started,2026-06-02,,,中小型游戏发行/开发公司；公开资料未披露收入，按约11-200人级工作室处理。,"Blade, Boxing Star, mobile action/social titles",business@433.co.kr; ftt_bd@433.co.kr,官网 Contact 页面公开 business 与 BD 邮箱；BD优先 business@，ftt_bd@ 可并行。
KR-073,C,73,StickyHands,Korea,"Seoul, Korea",https://stickyhands.kr/,Mobile casual/idle game developer,Idle/casual mobile portfolio,9,5,14,6,6,40,Co-development; peer partnership; publishing intro,Business Development; Studio leadership,Official contact; LinkedIn,https://stickyhands.kr/,Small studio fit; not a strategic buyer but useful for network expansion.,Official site and app/company profiles list mobile casual titles.,https://stickyhands.kr/,https://play.google.com/store/apps/dev?id=StickyHands+Inc.,https://www.linkedin.com/company/stickyhands/,3,Medium,C wave only.,Not Started,2026-06-02,,,中小型休闲手游公司；公开公司资料常见规模约51-200人级。,Idle/casual mobile portfolio,未公开商务邮箱,未找到公开商务邮箱；建议使用官方联系入口：https://stickyhands.kr/
JP-074,C,74,Asobimo,Japan,"Tokyo, Japan",https://asobimo.com/en/,Private online/mobile game developer,"Toram Online, Avabel Online; mobile MMO live service",9,6,9,8,7,39,Co-development; Japan operation; publishing,Business Development; Game Production,Corporate inquiry,https://asobimo.com/en/contact/,"Genre fit is weak, but mobile live-service operation capability exists.",Official site lists mobile online games and company information.,https://asobimo.com/en/,https://asobimo.com/en/games/,https://asobimo.com/en/company/,3,Medium,C wave only.,Not Started,2026-06-02,,,民营游戏公司；公开公司资料常见规模约51-200人级。,"Toram Online, Avabel Online; mobile MMO live service",support@asobimo.com,官网公开 support 邮箱；偏客服，BD建议并行官网入口。
KR-075,C,75,ThumbAge,Korea,"Seongnam, Korea",https://www.thumbage.co.kr/,Mobile game developer/publisher,"Dekaron M, Destiny Child-related history, mobile titles",9,7,8,8,6,38,Publishing; co-development; asset deal,Business Development,Official contact; IR,https://www.thumbage.co.kr/,Low genre fit; possible asset/acqui-hire conversation if they seek pipeline.,Official site/company profiles list mobile game business and IR.,https://www.thumbage.co.kr/,https://www.thumbage.co.kr/ir,https://www.mobygames.com/company/10560/thumbage-co-ltd/,3,Medium,C wave only.,Not Started,2026-06-02,,,中小型游戏发行/开发公司；公开资料未披露收入，按约11-200人级工作室处理。,"Dekaron M, Destiny Child-related history, mobile titles",helpdesk@thumbage.co.kr,官网公开 helpdesk 邮箱；偏客服/帮助台，BD建议并行官网入口。
KR-076,C,76,Wemade Max,Korea,"Seongnam, Korea",https://www.wemademax.com/,Wemade group game developer/publisher,Subsidiary/game development under Wemade group,9,7,8,8,6,38,Co-development; parent-route publishing; asset deal,Business Development; Wemade group,Official contact; parent route,https://www.wemademax.com/,Route through Wemade if there is strategic interest; not first-line buyer.,Official site and Wemade group sources list game development relationship.,https://www.wemademax.com/,https://www.wemade.com/en,https://www.wemade.com/en/company/affiliates,3,Medium,C wave; avoid duplicate outreach if Wemade is active.,Not Started,2026-06-02,,,中小型游戏发行/开发公司；公开资料未披露收入，按约11-200人级工作室处理。,Subsidiary/game development under Wemade group,contact@wemade.com; ir@wemade.com,母公司 Wemade 官网公开邮箱；建议备注转 Wemade Max。
KR-077,C,77,HanbitSoft,Korea,"Seoul, Korea",https://www.hanbitsoft.co.kr/,Game publisher/developer,"Audition, Granado Espada; online/mobile publishing",9,6,8,8,6,37,Publishing; Korea operation; asset deal,Business Development,Official contact; IR,https://www.hanbitsoft.co.kr/,Low direct fit; include for Korea sweep completeness.,Official site and company profiles list games and publishing operations.,https://www.hanbitsoft.co.kr/,https://www.hanbitsoft.co.kr/game,https://www.mobygames.com/company/2845/hanbitsoft-inc/,3,Medium,C wave only.,Not Started,2026-06-02,,,中小型游戏发行/开发公司；公开资料未披露收入，按约11-200人级工作室处理。,"Audition, Granado Espada; online/mobile publishing",未公开商务邮箱,未找到公开商务邮箱；建议使用官方联系入口：https://www.hanbitsoft.co.kr/
KR-078,C,78,T3 Entertainment,Korea,"Seoul, Korea",http://www.t3.co.kr/,Game developer/publisher; HanbitSoft group links,Audition franchise; mobile/online game operations,9,6,8,8,6,37,Publishing; co-development; Korea operation,Business Development,Official contact; HanbitSoft route,http://www.t3.co.kr/,Low fit but possible local operator/publisher.,Official/company sources list game development and Audition-related operations.,http://www.t3.co.kr/,https://www.hanbitsoft.co.kr/,https://www.mobygames.com/company/1387/t3-entertainment-co-ltd/,3,Medium,C wave only.,Not Started,2026-06-02,,,中小型游戏发行/开发公司；公开资料未披露收入，按约11-200人级工作室处理。,Audition franchise; mobile/online game operations,未公开商务邮箱,未找到公开商务邮箱；建议使用官方联系入口：http://www.t3.co.kr/
KR-079,C,79,Action Square,Korea,"Seoul, Korea",https://www.action2quare.com/,Game developer/publisher,"Blade series, ANVIL, action games",8,7,7,8,6,36,Co-development; publishing; asset deal,Business Development,Official contact; LinkedIn,https://www.action2quare.com/,Weak casual fit; target only for broad Korea publisher sweep.,Official site and company profiles list game portfolio.,https://www.action2quare.com/,https://www.linkedin.com/company/action-square/,https://store.steampowered.com/developer/actionsquare,3,Medium,C wave only.,Not Started,2026-06-02,,,中小型游戏发行/开发公司；公开资料未披露收入，按约11-200人级工作室处理。,"Blade series, ANVIL, action games",未公开商务邮箱,未找到公开商务邮箱；建议使用官方联系入口：https://www.action2quare.com/
KR-080,C,80,PangSky,Korea,"Seoul, Korea",https://www.panggame.com/,Mobile/online game publisher,Mobile RPG/MMO publishing in Korea; PangGame platform,8,6,8,7,6,35,Korea publishing; distribution; revenue share,Publishing; Business Development,Official contact; platform inquiry,https://www.panggame.com/,Regional publisher only; use if seeking Korea distribution breadth.,Official site/platform and company profiles show publishing operations.,https://www.panggame.com/,https://www.pangsky.co.kr/,https://www.mobygames.com/company/58584/pangsky-co-ltd/,3,Medium,C wave only.,Not Started,2026-06-02,,,中小型游戏发行/开发公司；公开资料未披露收入，按约11-200人级工作室处理。,Mobile RPG/MMO publishing in Korea; PangGame platform,未公开商务邮箱,未找到公开商务邮箱；建议使用官方联系入口：https://www.panggame.com/
