"rank","tier","score","company","country","market","website","type","representative_works","scale","transaction_signal","score_breakdown","deal_types","contact_email","contact_note","contact_url","outreach_angle","next_step","confidence","source_1","source_2","source_3","source_4"
"1","A","91","Century Games","Singapore / China","Singapore hub, global","https://www.centurygames.com/","Global mobile F2P developer / publisher","Family Farm Adventure; Family Farm Seaside; Whiteout Survival","Official contact page lists Century Games Pte. Ltd. in Singapore, ACRA registration and company contact email.","Owns the closest direct comp, Family Farm Adventure, plus mature global mobile F2P publishing and live-ops muscle.","投资/收购信号 22 / 产品契合 25 / 发行/UA/LiveOps 20 / 战略协同 15 / 触达可行性 9","Strategic acquisition; Publishing + option; Minority investment","contact_us@centurygame.com","Official company contact email; use product/corp-dev subject, not privacy email.","https://www.centurygames.com/contact-us/","Lead with direct genre adjacency: farming-adventure US test KPIs, content cadence, and why the asset extends their Family Farm audience.","Wave 1: send teaser + metric ranges; ask for corp-dev/product-publishing review under NDA.","High","Century Games contact - https://www.centurygames.com/contact-us/","Century Games official site - https://www.centurygames.com/","Century Games games - https://www.centurygames.com/games/",""
"2","A","87","iCandy Interactive Group","Australia / Singapore / Malaysia / Indonesia","ANZ + SEA","https://www.icandy.io/","Game and animation studio group / strategic consolidator","Appxplore portfolio; Storms; Lemon Sky Studios; Froyo-linked portfolio","Official site describes one of the largest game and animation studio groups in ANZ and SEA with audience above 500M users globally.","Documented acquisition history: Storms, Lemon Sky and other studios; clear investor and general inquiry emails.","投资/收购信号 27 / 产品契合 18 / 发行/UA/LiveOps 18 / 战略协同 14 / 触达可行性 10","Acquisition; Strategic investment; Publishing partnership","info@icandy.io; ir@icandy.io","Use info@ for BD and ir@ for investment/corp-dev angle.","https://www.icandy.io/","Pitch as a KPI-validated mobile game asset that fits iCandy's mobile lineage and SEA consolidation history.","Wave 1: email iCandy and also Storms partnership team; attach one-page KPI teaser.","High","iCandy official site - https://www.icandy.io/","iCandy investor center - https://www.icandy.io/investor-center/","iCandy completes Storms acquisition - https://www.icandy.io/project/icandy-completes-storms-acquisition-positions-itself-in-the-centre-of-gaming-metaverse-and-nfts/","PocketGamer Lemon Sky acquisition - https://www.pocketgamer.biz/icandy-acquires-lemon-sky-studios-to-make-high-quality-metaverse-games/"
"3","A","86","Amanotes","Singapore / Vietnam","SEA-origin, global mobile","https://www.amanotes.com/","Mobile casual publisher / studio group","Magic Tiles 3; Tiles Hop; Duet Cats","Official site states 3.5B+ downloads, 70M+ MAU and Top 1 publisher from Southeast Asia.","Large SEA-origin mobile publisher with casual user acquisition, global hit-making and public company-level contact.","投资/收购信号 21 / 产品契合 20 / 发行/UA/LiveOps 20 / 战略协同 15 / 触达可行性 10","Strategic investment; Publishing; Acquisition discussion","hello@amanotes.com","Official Singapore office email.","https://www.amanotes.com/","Position as a broader casual-adventure asset with proven US CPI/retention that can diversify beyond music games while using Amanotes UA/data stack.","Wave 1: send founder note to hello@ and parallel LinkedIn to BD/product leadership.","High","Amanotes official site - https://www.amanotes.com/","Amanotes products - https://www.amanotes.com/products","Amanotes careers - https://www.careers.amanotes.com/",""
"4","A","83","NCSOFT / Indygo Group / Lihuhu route","Singapore / Vietnam / Korea","Singapore holding, Vietnam casual studio, global","https://www.ncsoft.com/en-us","Strategic acquirer with SEA casual-mobile hub","Lihuhu casual puzzle portfolio; Lineage mobile titles; Guild Wars franchise","Press reports say NCSOFT agreed to acquire 67% of Singapore-based Indygo Group, owner of Vietnam casual studio Lihuhu.","Fresh acquisition signal specifically targeting casual mobile expansion in Vietnam and Asia.","投资/收购信号 29 / 产品契合 17 / 发行/UA/LiveOps 18 / 战略协同 14 / 触达可行性 5","Acquisition; Strategic investment; Portfolio add-on","未公开公司级邮箱","Route through NCSOFT corporate/IR and seek intro to mobile casual center or Indygo/Lihuhu leadership.","https://kr.ncsoft.com/en/ir/irArchive/announcement.do","Frame as a casual-adventure add-on aligned with their 2025-2026 pivot into mobile casual and Vietnam/Singapore hub strategy.","Wave 1: target corp-dev/IR plus LinkedIn to NCSOFT casual/mobile leadership; prioritize warm intro.","Medium","PocketGamer.biz acquisition report - https://www.pocketgamer.biz/ncsoft-acquires-majority-stake-in-singapores-indygo-group-for-1038m/","Korea Biz Daily acquisition report - https://www.koreabizdaily.com/en-us/articles/854288","NCSOFT IR announcements - https://kr.ncsoft.com/en/ir/irArchive/announcement.do",""
"5","A","82","VNGGames / VNG Corporation","Vietnam","Vietnam, SEA expansion","https://vnggames.com/vn/en","Major game publisher / platform company","ZingPlay; Roblox Vietnam publishing; Riot titles in Vietnam","VNGGames describes itself as a leading Vietnam game publisher expanding internationally; LinkedIn shows 1,001-5,000 employees.","Vietnam's strongest local publishing platform and a credible acquirer/investor route through VNG Corp.","投资/收购信号 20 / 产品契合 19 / 发行/UA/LiveOps 20 / 战略协同 15 / 触达可行性 8","Vietnam/SEA publishing; Strategic investment; Acquisition route","未公开公司级邮箱","Use official partner page/contact form; avoid customer support tickets.","https://vnggames.com/vn/en/partner","Pitch as a Western-tested resource-management adventure that VNG can operate regionally and evaluate as a strategic mobile asset.","Wave 1: submit via partner page; seek warm intro to VNGGames BD or VNG Corp investment team.","High","VNGGames partner page - https://vnggames.com/vn/en/partner","VNG corporate site - https://vng.com.vn/index.html?lang=en","VNGGames LinkedIn - https://www.linkedin.com/company/vnggames-brand",""
"6","A","82","Potato Play","Singapore / China","Global mobile casual","https://www.potatoplay.com/","Mobile games publisher","Merge Restaurant; Merge Friends; Cluck Avengers","Official site says Singapore-based publisher turning mobile games from Asia into worldwide hits and 27M+ downloads.","Direct genre fit through merge and rebuild games; hands-on data-driven mobile publishing.","投资/收购信号 17 / 产品契合 24 / 发行/UA/LiveOps 20 / 战略协同 15 / 触达可行性 6","Publishing; Co-development; Revenue-share with option","support@potatoplay.com","Only public email found is support; use official connect route and ask to forward to publishing/BD.","https://www.potatoplay.com/","Lead with merge/resource-management overlap and US UA/retention proof; ask whether they review broader farm-adventure titles.","Wave 1: contact via site/email, then LinkedIn founders/publishing team.","High","Potato Play official site - https://www.potatoplay.com/","Potato Play games - https://www.potatoplay.com/","Play Ventures portfolio mentioning Potatoplay - https://www.play.vc/portfolio-2025",""
"7","A","80","Falcon Game Studio / OneSoft","Vietnam","Global mobile F2P","https://www.falcongames.com/","Mobile game developer / publisher","1945 Air Force; Galaxy Attack adjacent OneSoft portfolio; Hyper-casual and shooter portfolio","Falcon states 150+ staff, 10+ titles, 3B+ downloads and 500+ games launched.","Massive UA/publishing capability in Vietnam's global mobile ecosystem; relevant for KPI-driven deal talks.","投资/收购信号 18 / 产品契合 18 / 发行/UA/LiveOps 20 / 战略协同 14 / 触达可行性 10","Publishing; Strategic investment; Acquisition discussion","contact@falcongames.com","Official contact page email.","https://falcongames.com/contact/","Position as a Western-tested casual-adventure product that can benefit from OneSoft/Falcon's global UA scale.","Wave 1: email contact@ with KPI teaser and request publishing/investment owner.","High","Falcon about - https://www.falcongames.com/about/","Falcon contact - https://falcongames.com/contact/","OneSoft official site - https://onesoft.digital/",""
"8","A","80","Asphere Innovations / PlayPark","Thailand / Singapore / SEA","Thailand, Singapore, Malaysia, Philippines, Vietnam, Indonesia","https://asphere.co/en/online-games/","Regional online and mobile game publisher","PlayPark portfolio; MMORPG/casual/SRPG/FPS/MOBA services","Asphere states 20+ years, 180M+ registered IDs, 160+ games and 350+ SEA staff.","One of the clearest SEA regional publishing partners, with public BD and IR email.","投资/收购信号 18 / 产品契合 17 / 发行/UA/LiveOps 20 / 战略协同 15 / 触达可行性 10","SEA publishing; Strategic investment; Local operating partnership","business@asphere.co; ir@asphere.co","Official BD and IR contacts listed for Asphere/PlayPark entities.","https://asphere.co/en/contact/","Pitch regional publishing/localization plus possible investment after US KPI diligence.","Wave 1: email business@asphere.co; CC IR only if explicitly proposing investment/acquisition.","High","Asphere online games - https://asphere.co/en/online-games/","Asphere contact - https://asphere.co/en/contact/","Asphere company profile - https://investor.asphere.co/en/company-profile/general-information",""
"9","A","80","Funtap","Vietnam","Vietnam, global mobile","https://corp.funtap.vn/en","Mobile game publisher","Vietnam mobile publishing portfolio; Funverse ecosystem","Official site says Funtap is one of Vietnam's leading mobile game publishers, reaching 50M+ players worldwide.","Reported Series A investment led by Makers Fund; explicit business contact.","投资/收购信号 22 / 产品契合 17 / 发行/UA/LiveOps 18 / 战略协同 13 / 触达可行性 10","Publishing; Strategic investment; Vietnam market entry","biz@funtap.vn","Official business contact.","https://corp.funtap.vn/en","Lead with Vietnam/SEA operating route plus optional investment; keep US KPIs concise and ask for publishing/investment review.","Wave 1: email biz@funtap.vn with deck and NDA-ready metrics.","High","Funtap official site - https://corp.funtap.vn/en","Funtap about - https://corp.funtap.vn/en/about-us","Dealroom Funtap - https://app.dealroom.co/companies/funtap",""
"10","A","78","ABI Game Studio / Onesoft","Vietnam","Global mobile F2P","https://abigames.com.vn/","Mobile games publisher / studio","Wood Nuts & Bolts Puzzle; Galaxy Attack; Satisdom; Super Ball Adventure","Official site says 100+ employees, 150+ published titles and multiple games ranked top 1 in the US.","Very strong US-market KPI literacy and mobile publishing machinery; less obvious M&A signal than iCandy/NCSOFT.","投资/收购信号 16 / 产品契合 20 / 发行/UA/LiveOps 20 / 战略协同 14 / 触达可行性 8","Publishing; Co-development; Strategic investment","未公开公司级邮箱","Use official Submit your game / contact flow; avoid third-party lead databases.","https://abigames.com.vn/","Stress US test performance and retention benchmark; ABI already evaluates charting mobile titles.","Wave 1: submit build/video and KPI one-pager via official publishing entry.","High","ABI official site - https://abigames.com.vn/","Digital Turbine publisher spotlight - https://www.digitalturbine.com/blog/publisher-spotlight-abi-game-studio","OneSoft official site - https://onesoft.digital/",""
"11","B","77","Storms","Singapore","SEA mobile/social games","https://storms.com/about-us/","Mobile/social games publisher and advisory studio","Lightning Storm; Casual mobile and instant games; Game advisory","Official about page lists Singapore base and partnership contact; LinkedIn says invested in by iCandy, AIS and SK Telecom.","Clear partnership email and iCandy parent route; practical entry point for SEA social/casual distribution.","投资/收购信号 18 / 产品契合 18 / 发行/UA/LiveOps 17 / 战略协同 14 / 触达可行性 10","Publishing; Partnership; iCandy acquisition referral","partnership@storms.com","Official partnership email.","https://storms.com/about-us/","Ask whether Storms/iCandy would evaluate a Family Island-like product as a publishing or strategic asset.","Wave 1: email partnership@storms.com and mirror to iCandy info@.","High","Storms official about - https://storms.com/about-us/","Storms LinkedIn - https://sg.linkedin.com/company/storms","iCandy Storms acquisition - https://www.icandy.io/project/icandy-completes-storms-acquisition-positions-itself-in-the-centre-of-gaming-metaverse-and-nfts/",""
"12","B","74","Play Ventures","Singapore / Finland","Global gaming VC","https://www.play.vc/","Gaming VC / investor","Portfolio includes mobile studios and gaming infrastructure; Fund II $135M","Official site calls Play Ventures a leading gaming and consumer apps VC investing globally.","Best investor route in Singapore for funding bridge or buyer-intro process; not a publisher/acquirer by default.","投资/收购信号 20 / 产品契合 15 / 发行/UA/LiveOps 15 / 战略协同 14 / 触达可行性 10","Seed/bridge investment; Investor intro; Strategic financing","未公开公司级邮箱","Use official Apply for Funding; women@play.vc is diversity contact, not BD.","https://www.play.vc/contact","Frame as a distressed but KPI-validated mobile studio asset: small round or structured investment to preserve upside.","Wave 1 investor lane: submit funding application; request warm intros to portfolio publishers.","High","Play Ventures official site - https://www.play.vc/","Play Ventures contact - https://www.play.vc/contact","Play Ventures portfolio - https://www.play.vc/portfolio-2025",""
"13","B","73","Global Top Round (GTR)","Singapore / global","Global indie and publisher network","https://www.globaltopround.com/","Game accelerator / funding and publisher-network platform","Annual accelerator cohorts; Global publisher exposure; Fundraising support","Official site says GTR selects up to 10 games annually and provides funding, publishing expertise, fundraising help and publisher exposure.","Strong network path if direct M&A outreach stalls; not a classic acquirer.","投资/收购信号 18 / 产品契合 16 / 发行/UA/LiveOps 14 / 战略协同 15 / 触达可行性 10","Funding; Publisher matching; Acceleration","未公开公司级邮箱","Use official batch application/contact route.","https://www.globaltopround.com/","Use US KPI traction to request accelerated publisher/investor matching rather than generic cohort timing.","Wave 1 investor/network lane: submit pitch and ask for emergency bridge/buyer intros.","High","Global Top Round official site - https://www.globaltopround.com/","GTR application listing - https://www.sparkxyz.io/applications/1774","GTR accelerator profile - https://prodevs.io/accelerators/global-top-round",""
"14","B","72","Gamota / Appota Group","Vietnam","Vietnam","https://gamota.com/","Mobile game publisher ecosystem","100+ published mobile titles; Vietnam mobile publishing services","LinkedIn page states Gamota is a top-three Vietnam mobile game publisher with 15M+ players and 100+ titles.","Strong local publishing and market-entry route; strategic buyer signal is moderate.","投资/收购信号 14 / 产品契合 17 / 发行/UA/LiveOps 19 / 战略协同 14 / 触达可行性 8","Vietnam publishing; Co-publishing; Strategic investment","未公开公司级邮箱","Use Appota/Gamota official Contact Us; confirm BD owner before sending sensitive KPIs.","https://appota.com/","Pitch Vietnam market operation plus broader SEA data-sharing option.","Wave 2: contact Appota Group, then LinkedIn to Gamota BD/publishing team.","Medium","Appota official site - https://appota.com/","Gamota LinkedIn - https://www.linkedin.com/company/gamota","Gamota website - https://gamota.com/",""
"15","B","71","IGG","Singapore / global","Global mobile","https://www.igg.com/","Public mobile game developer/operator","Lords Mobile; Castle Clash; Doomsday: Last Survivors","IGG IR describes a leading global developer/operator of mobile games with HQ in Singapore and offices across many regions.","Large balance sheet and global operations; fit is weaker unless the game has strong monetization and live-ops potential.","投资/收购信号 16 / 产品契合 14 / 发行/UA/LiveOps 20 / 战略协同 14 / 触达可行性 7","Publishing; Strategic investment; Acquisition inquiry","未公开公司级邮箱","Use investor/corporate contact routes; verify current BD owner before sending detailed build.","https://investor.igg.com/index.php?lang=1","Position as a live-ops mobile asset with US-tested retention, not as a casual-only pitch.","Wave 2: corporate/IR inquiry with one-page metrics and ask for mobile investment/publishing review.","Medium","IGG investor relations - https://investor.igg.com/index.php?lang=1","IGG official site - https://www.igg.com/","Forbes IGG profile - https://www.forbes.com/companies/igg/",""
"16","B","71","4Divinity / GCL Global Holdings","Singapore / Hong Kong","Asia, global","https://www.4divinity.com/","Publishing subsidiary / public holding company","S.T.A.L.K.E.R. 2 regional publishing; Asian game publishing and distribution","GCL says 4Divinity operates from Singapore and Hong Kong and supports PC, console and mobile publishing.","Direct publishing enquiry email and 2026 strategic investment news at GCL.","投资/收购信号 19 / 产品契合 12 / 发行/UA/LiveOps 16 / 战略协同 14 / 触达可行性 10","Publishing; Strategic investment; Asia distribution","publish@4divinity.asia","Official publishing enquiries email.","https://www.4divinity.com/contact-us","Use as secondary publishing/investment route; emphasize mobile is supported, but expect stronger fit for PC/console unless strategic appetite broadens.","Wave 2: email publish@; ask whether mobile F2P asset is in current mandate.","High","4Divinity contact - https://www.4divinity.com/contact-us","GCL 4Divinity page - https://www.gclglobalholdings.com/4divinity","GCL news releases - https://ir.gclglobalholdings.com/news-events/news-releases",""
"17","B","70","Megaxus","Indonesia","Indonesia, SEA","https://corporate.megaxus.com/id/","Game publisher / developer","Audition AyoDance; Lineage II Indonesia; Fatal Raid: SEA Invasion","Official corporate page states 16+ years, 25M users and 27 games published.","Clear Indonesian publishing partner with BD and IR emails; acquirer capability uncertain.","投资/收购信号 14 / 产品契合 15 / 发行/UA/LiveOps 17 / 战略协同 14 / 触达可行性 10","Indonesia publishing; SEA co-publishing; Strategic partnership","business@megaxus.com; investor@megaxus.com","Official business and IR contacts.","https://corporate.megaxus.com/id/ir-contact","Pitch Indonesia and SEA publishing first; keep acquisition ask as optional if they want full asset control.","Wave 2: email business@; use investor@ only for investment/acquisition path.","High","Megaxus corporate - https://corporate.megaxus.com/id/","Megaxus IR contact - https://corporate.megaxus.com/id/ir-contact","Megaxus site pages - https://corporate.megaxus.com/id/sitePages",""
"18","B","69","Garena / Sea Limited","Singapore","Global, SEA","https://www.garena.sg/?lang=en-gb","Major online/mobile game developer and publisher","Free Fire; Call of Duty Mobile SEA; Arena of Valor regional publishing","Garena says it is a leading online games developer and publisher with global footprint across 160+ markets; part of Sea Limited.","Huge platform but likely selective; acquisition intent for small casual farming titles is uncertain.","投资/收购信号 16 / 产品契合 12 / 发行/UA/LiveOps 20 / 战略协同 15 / 触达可行性 6","Strategic publishing; Minority investment; SEA operating partnership","未公开公司级邮箱","Route via Sea corporate/IR or warm intro; generic consumer channels are not useful.","https://www.sea.com/investor/home","Only approach with a sharp business case: tested US retention, scalable UA economics and SEA/social operation potential.","Wave 2: prioritize warm intro; otherwise send to Sea IR/corporate contact and request Garena BD routing.","Medium","Garena official site - https://www.garena.sg/?lang=en-gb","Sea investor site - https://www.sea.com/investor/home","Sea products: Garena - https://www.sea.com/products/garena",""
"19","B","65","LYTO","Indonesia","Indonesia, SEA","https://www.lyto.net/","Online game publisher / entertainment group","Ragnarok Online Indonesia; Perfect World; Atlantica Online; Pamali film/game ecosystem","Official site describes LYTO as a pioneer SEA online game publisher with 300+ employees and 50M+ global users under LYTOGAME.","Strong local publishing history and explicit game partnership contact, though email is obfuscated on site.","投资/收购信号 13 / 产品契合 14 / 发行/UA/LiveOps 17 / 战略协同 14 / 触达可行性 7","Indonesia publishing; Licensing; Strategic partnership","Email shown on official site as protected/obfuscated","Use LYTO contact page game partnership route; do not rely on scraped email copies.","https://www.lyto.net/","Pitch Indonesian publishing/localization and community operation; acquisition is a secondary ask.","Wave 2: contact Game Partnership via official site and follow up by LinkedIn.","Medium","LYTO official site - https://www.lyto.net/","LYTO game portal - https://www.lytogame.com/","ANTARA Alibaba Cloud partnership - https://en.antaranews.com/news/136860/lyto-game-team-up-with-alibaba-cloud-indonesia",""
"20","B","65","Agate","Indonesia","Indonesia, global services","https://agate.id/","Game developer, co-dev, UA/live-ops services","Valthirian Arc; Riftstorm; Code Atma","Official site says Agate is a leading Indonesian game company with 200+ clients, 250+ games and UA/live-op services.","Useful strategic operator/co-dev partner; not primarily a publisher buyer, but has Qeon investment relationship.","投资/收购信号 12 / 产品契合 14 / 发行/UA/LiveOps 16 / 战略协同 14 / 触达可行性 9","Co-development; Indonesia/SEA operation; Strategic partnership","未公开公司级邮箱","Official contact page includes Business Development form.","https://agate.id/contact/","Ask for co-dev/live-ops support or investor intro if they are not the right buyer.","Wave 3: contact BD form; route via Qeon if pursuing investment discussion.","High","Agate official site - https://agate.id/","Agate contact - https://agate.id/contact/","Agate about - https://agate.id/about-us/","Qeon Agate investment page - https://www.qeon.com/business/agate"
"21","B","65","VTC / VTC Mobile / VTC Intecom","Vietnam","Vietnam","https://vtc.org.vn/","Vietnam digital content and game publisher group","Audition; Cross Fire Vietnam; Yulgang Origins; Football Pro VTC","VTC corporate site identifies games, esports and digital content as core areas; 2025 release highlights Best Game Publisher award.","Major Vietnam publishing group; contact is corporate, not necessarily BD-specific.","投资/收购信号 13 / 产品契合 13 / 发行/UA/LiveOps 17 / 战略协同 14 / 触达可行性 8","Vietnam publishing; Local operation; Strategic partnership","vtcfamily@vtc.vn","Corporate contact email; ask for VTC Mobile/VTC Intecom game publishing team.","https://vtc.org.vn/","Pitch Vietnam publishing plus regulatory/local operation support; acquisition as optional path.","Wave 3: send corporate inquiry and seek direct VTC Mobile publishing contact.","Medium","VTC corporate site - https://vtc.org.vn/","GlobeNewswire VTC award - https://www.globenewswire.com/news-release/2025/11/26/3194947/0/en/VTC-Rises-Game-Publisher-Secures-Industry-Icon-with-Major-Awards.html","VTC corporate profile PDF - https://vtc.org.vn/media/files/ProfileVTC_2012_2022%20%28E%29_view.pdf",""
"22","B","63","GameIndy","Thailand","Thailand, SEA ambitions","https://www.gameindy.com/","Game publisher / UA / live-ops services","ASURA; LineMaze; Thai co-publishing services","Official site states 10M+ downloads, 7M registered IDs and 500K+ MAU.","Strong Thai UA/localization/live-ops partner; likely smaller acquisition capacity.","投资/收购信号 10 / 产品契合 15 / 发行/UA/LiveOps 17 / 战略协同 14 / 触达可行性 7","Thailand publishing; Co-publishing; Live-ops services","Email shown as image on official site","Use official contact section; email is not text-extractable.","https://www.gameindy.com/","Lead with Thailand/SEA co-publishing and local UA, not outright sale.","Wave 3: contact via official section and executives' LinkedIn if available.","High","GameIndy official site - https://www.gameindy.com/","GameIndy Steam publisher profile - https://steambase.io/publishers/gameindy","GameIndy games page - https://www.gameindy.com/",""
"23","B","62","Zitga Studio","Vietnam","Global mobile","https://zitga.com.vn/","Mobile game developer / publisher","Family Adventure; Epic Garden; Frontline Hero","Official about page says Zitga focuses on mobile games and references Family Adventure, Frontline Hero and Epic Garden.","Direct product adjacency via Family Adventure; likely smaller strategic capacity.","投资/收购信号 9 / 产品契合 22 / 发行/UA/LiveOps 13 / 战略协同 13 / 触达可行性 5","Co-development; Asset acquisition inquiry; Publishing referral","未公开公司级邮箱","Use official contact/social; no verified company-level BD email found.","https://zitga.com.vn/about-us/","Open with genre similarity and ask if they are reviewing external farm/adventure IP or acqui-hire assets.","Wave 3: targeted founder/BD LinkedIn plus official form.","Medium","Zitga about - https://zitga.com.vn/about-us/","Zitga official site - https://zitga.com.vn/","Google Play publisher reference - https://play.google.com/store/apps/dev?id=ZITGA",""
"24","B","62","Appxplore (iCandy)","Malaysia","Global mobile, via iCandy","https://appxplore.com/","Mobile game studio under iCandy","Claw Stars; Crab War; Light A Way; Masketeers","Official about page says Appxplore is a Kuala Lumpur mobile studio and part of iCandy Interactive.","Relevant mobile studio, but acquisition/investment should route through iCandy parent.","投资/收购信号 14 / 产品契合 15 / 发行/UA/LiveOps 14 / 战略协同 13 / 触达可行性 6","Studio referral; Publishing/co-dev via iCandy; Acquisition route via iCandy","未公开公司级邮箱","Use Appxplore contact form, but route strategic talks through iCandy.","https://appxplore.com/dev/contact/","Ask for iCandy/Appxplore review of mobile casual-adventure asset.","Wave 2: include Appxplore only in iCandy thread, not as standalone buyer.","High","Appxplore about - https://appxplore.com/index.php/about","Appxplore contact - https://appxplore.com/dev/contact/","iCandy official site - https://www.icandy.io/",""
"25","C","60","Bravestars Games","Vietnam","Global mobile","https://bravestars.com/","Mobile game developer / publisher","Shadow of Death; Stickman action/casual portfolio; Submitted external games","Official about page positions Bravestars as a leading game development and publishing company with global ambitions.","Has explicit Submit your game form; public emails are HR/support rather than BD.","投资/收购信号 10 / 产品契合 14 / 发行/UA/LiveOps 16 / 战略协同 13 / 触达可行性 7","Publishing; Co-development; Strategic partnership","support@bravestars.com","Support email plus official Submit your game form; do not use HR for BD.","https://bravestars.com/about","Submit as an external game with validated US metrics and ask for publishing/investment owner.","Wave 3: submit game form and follow up to support requesting BD routing.","High","Bravestars about/contact - https://bravestars.com/about","Bravestars official site - https://bravestars.com/","Google Play publisher reference - https://play.google.com/store/apps/dev?id=Bravestars+Games",""
"26","C","60","Nuon / Dunia Games / Telkomsel","Indonesia","Indonesia","https://nuon.id/","Digital entertainment and game publishing platform","Dunia Games; AFK Champions; Lokapala publishing ecosystem","Telkomsel annual materials reference Dunia Games publishing and marketing programs.","Strong local distribution/platform route; direct M&A appetite unclear.","投资/收购信号 11 / 产品契合 13 / 发行/UA/LiveOps 17 / 战略协同 14 / 触达可行性 5","Indonesia publishing; Platform partnership; Telco distribution","未公开公司级邮箱","Use Nuon/Telkomsel corporate contact; verify game-publishing BD owner.","https://nuon.id/","Pitch Indonesia user acquisition and telco distribution; acquisition as optional after publishing traction.","Wave 3: corporate inquiry plus LinkedIn search for Nuon game publishing team.","Medium","Nuon official site - https://nuon.id/","Dunia Games - https://duniagames.co.id/","Telkomsel annual report reference - https://www.telkomsel.com/sites/default/files/2022-06/tsel2020-AR-webversion-FINAL.pdf",""
"27","C","59","Topebox","Vietnam","Global mobile","https://topebox.com/","Mobile game developer / publisher","Sky Dancer; Pocket Army; The Severed Gods","Official about page positions Topebox as a Vietnam-born studio pushing beyond outsourcing into global games.","Strong mobile craft and network; buyer/investment appetite less visible.","投资/收购信号 10 / 产品契合 15 / 发行/UA/LiveOps 15 / 战略协同 13 / 触达可行性 6","Publishing referral; Co-development; Strategic partnership","未公开公司级邮箱","Use official site/contact/social; verify current business contact before sending financial details.","https://topebox.com/about","Ask for publishing or co-development review; pitch KPI-first to overcome genre mismatch.","Wave 3: contact via official channels after A/B targets.","Medium","Topebox about - https://topebox.com/about","Topebox official site - https://topebox.com/","ModDB Topebox profile - https://www.moddb.com/company/topebox",""
"28","C","58","Actieon Interactive","Thailand","Global mobile","https://actieon.com/","Mobile game developer / publisher","Piggy Town; WZ1","Official site says founded in Thailand in 2024 and focused on developing/publishing mobile games worldwide; Piggy Town is a farm game.","High genre adjacency but new/small company, likely not an acquirer unless looking for complementary assets.","投资/收购信号 5 / 产品契合 21 / 发行/UA/LiveOps 10 / 战略协同 12 / 触达可行性 10","Co-development; Asset discussion; Referral","contact@actieon.com","Official site lists protected email; decoded from Cloudflare-protected address.","https://actieon.com/","Pitch as peer-to-peer asset/co-dev conversation around farm-game audience and global launch learning.","Wave 4: contact only after strategic buyer outreach.","High","Actieon official site - https://actieon.com/","Piggy Town site - https://piggy-town.com/en","Piggy Town Google Play - https://play.google.com/store/apps/details?hl=en_US&id=com.actieon.piggytown","Actieon LinkedIn - https://www.linkedin.com/company/actieon-interactive"
"29","C","57","SohaGame / VCCorp","Vietnam","Vietnam","https://sohagame.vn/en","Online/mobile game publisher","Vietnam licensed mobile/online portfolio; SohaCoin ecosystem","Official support page lists Soha Limited Company and G1 online game service license.","Useful Vietnam local publishing route; public contact is customer support/fanpage, so BD reachability is weak.","投资/收购信号 10 / 产品契合 13 / 发行/UA/LiveOps 16 / 战略协同 13 / 触达可行性 5","Vietnam publishing; Localization; Regulatory operation","hotro@sohagame.vn","Customer support email only; use as fallback to request BD forwarding.","https://sohagame.vn/en/lien-he/lam-the-nao-de-lien-he-den-sohagame-26170.html","Use only for Vietnam local publishing route if higher-fit targets do not move.","Wave 4: ask support/fanpage to forward to business development.","Medium","SohaGame contact - https://sohagame.vn/en/lien-he/lam-the-nao-de-lien-he-den-sohagame-26170.html","SohaGame guide/contact page - https://sohagame.vn/en/huong-dan-game","SohaGame official site - https://sohagame.vn/en",""
"30","C","56","Toge Productions","Indonesia","Indonesia, global indie","https://www.togeproductions.com/","Indie developer / publisher","Coffee Talk; A Space for the Unbound; When the Past Was Around; Mojiken portfolio","Steam profile says Indonesian indie developer/publisher; third-party profiles list publishing expansion and global indie reach.","High credibility in Indonesian publishing, but mostly premium indie rather than mobile F2P buyer.","投资/收购信号 11 / 产品契合 10 / 发行/UA/LiveOps 12 / 战略协同 13 / 触达可行性 10","Indie publishing; Referral; Small strategic partnership","info@togeproductions.com","Official contact page email; publishing@ appears in event press-kit context, verify before BD use.","https://www.togeproductions.com/contact-us/","Use as Indonesia network/referral and possible publishing advisor if the game has stronger narrative/indie positioning.","Wave 3: ask for buyer/publisher referrals if not a fit.","High","Toge contact - https://www.togeproductions.com/contact-us/","Steam publisher profile - https://store.steampowered.com/publisher/togeproductions/about/","Indie Games Plus publisher profile - https://indiegamesplus.com/publisher-profile-toge-productions/","Gematsu Toge profile - https://www.gematsu.com/companies/toge-productions"
"31","C","56","Electronics Extreme","Thailand / Philippines","Thailand, Philippines, SEA","https://extreme.game/","Regional game publisher","Ragnarok Online; Infestation; Cabal","Official site says originated from Thailand as a game publisher and set up a Philippines regional operation base.","Regional operating partner; genre fit skewed MMORPG/action.","投资/收购信号 11 / 产品契合 10 / 发行/UA/LiveOps 16 / 战略协同 13 / 触达可行性 6","SEA publishing; Localization; Regional operations","未公开公司级邮箱","Use official site/contact and LinkedIn; avoid third-party directory contacts.","https://extreme.game/","Pitch only if they are expanding beyond core MMO/action portfolio.","Wave 4: contact after Thailand/SEA higher-fit publishers.","Medium","Electronics Extreme official - https://extreme.game/","Extreme Thailand site - https://www.extreme.co.th/","Electronics Extreme directory profile - https://www.adapt.io/company/electronics-extreme-",""
"32","C","56","Yggdrazil Group","Thailand","Thailand, global services","https://ygg-cg.com/","Listed CG/game studio and developer","Home Sweet Home; Home Sweet Home: Online; Game & Application unit","Official site has Investor Relations and Global Business Department; game credits include Home Sweet Home series.","Reachable BD emails and public-company route, but product fit is weaker.","投资/收购信号 12 / 产品契合 9 / 发行/UA/LiveOps 12 / 战略协同 13 / 触达可行性 10","Strategic partnership; Co-development; Investment inquiry","globalbd@ygg-cg.com; producer@ygg-cg.com; info@ygg-cg.com","Official global business and producer emails.","https://ygg-cg.com/","Pitch only if they want mobile casual diversification or co-dev/live visual support.","Wave 4: send concise inquiry to globalbd@.","High","Yggdrazil official site - https://ygg-cg.com/","Yggdrazil career/contact - https://ygg-cg.com/cn/career/marketing-game-2-3/","MobyGames Yggdrazil credits - https://www.mobygames.com/company/29841/yggdrazil-group-co-ltd/",""
"33","C","52","Ini3 Digital","Thailand","Thailand","https://www.ini3.co.th/","Online game publisher / service provider","Pangya Thailand; Flyff Thailand; Online game services","Official site says Ini3 is one of Thailand's leading online publishers and a 360 game services expert.","Established Thai publisher; current strategic acquisition capacity unclear.","投资/收购信号 9 / 产品契合 10 / 发行/UA/LiveOps 15 / 战略协同 13 / 触达可行性 5","Thailand publishing; Service partnership","未公开公司级邮箱","Use official contact/social or LinkedIn; no verified BD email surfaced.","https://www.ini3.co.th/who_we_are/","Use only for Thailand publishing or referral, not as primary investor/acquirer.","Wave 4: contact if localized Thailand plan becomes priority.","Medium","Ini3 who we are - https://www.ini3.co.th/who_we_are/","Ini3 Dealroom profile - https://app.dealroom.co/companies/ini3_digital","Ini3 Wikipedia profile - https://en.wikipedia.org/wiki/Ini3_Digital",""
"34","C","51","Kepler Interactive","Singapore / UK","Global premium games","https://www.kepler-interactive.com/","Developer-owned publisher","Sifu; Tchia; Pacific Drive; Clair Obscur: Expedition 33","Profiles describe Kepler as a publisher with London and Singapore hubs and $120M funding from NetEase.","Strong investment/publishing platform, but premium PC/console focus makes mobile F2P fit weak.","投资/收购信号 18 / 产品契合 6 / 发行/UA/LiveOps 11 / 战略协同 10 / 触达可行性 6","Investor referral; Publishing if premium pivot; Strategic intro","pr@kepler-interactive.com","Public email found is PR; do not send detailed transaction data without BD routing.","https://www.kepler-interactive.com/","Low priority unless there is a premium/PC adaptation or buyer-network ask.","Wave 4: use only for network/referral or if product positioning changes.","Medium","Kepler official site - https://www.kepler-interactive.com/","VGC Kepler profile - https://www.videogameschronicle.com/companies/kepler-interactive/","WholesGame Kepler profile - https://wholesgame.com/company/kepler-interactive/",""
"35","C","51","Qeon Interactive","Indonesia","Indonesia","https://www.qeon.com/","Interactive investment / partner platform","Agate investment relationship; Esport King collaboration","Qeon business page showcases Agate as an Indonesian game developer investment/partner and lists contact section.","Better as investor/referral route than publisher; could introduce Agate or Indonesian capital.","投资/收购信号 14 / 产品契合 9 / 发行/UA/LiveOps 11 / 战略协同 12 / 触达可行性 5","Investment referral; Strategic partnership; Indonesia network","Email shown as protected/obfuscated","Use official contact section; no plaintext company email surfaced.","https://www.qeon.com/business","Ask whether Qeon reviews game studio investments or can route to Agate/local strategic partners.","Wave 3 investor lane: concise investor/referral note.","Medium","Qeon business - https://www.qeon.com/business","Qeon Agate page - https://www.qeon.com/business/agate","Agate official site - https://agate.id/",""
"36","C","50","Altitude Games","Philippines","Philippines, global mobile","https://altitude-games.com/","Mobile F2P studio","Dream Defense; Zodiac Pop; Run Run Super V","Official site describes APAC-based mobile studio with 40+ talent and mobile titles.","Relevant mobile craft, but not obvious publisher/acquirer; founder network may help.","投资/收购信号 8 / 产品契合 13 / 发行/UA/LiveOps 12 / 战略协同 12 / 触达可行性 5","Referral; Co-development; Local network","未公开公司级邮箱","Use official site/social; no verified BD email found.","https://altitude-games.com/","Use as Philippines mobile network/referral, not primary buyer.","Wave 4: contact if seeking PH network or co-dev fallback.","Medium","Altitude official site - https://altitude-games.com/","Altitude directory profile - https://www.adapt.io/company/altitude-games-com-1","Philippines game industry reference - https://en.wikipedia.org/wiki/Video_games_in_the_Philippines",""
"37","C","50","Sky Mavis","Vietnam / Singapore","Global Web3 games","https://skymavis.com/","Game studio and Web3 ecosystem investor/operator","Axie Infinity; Ronin ecosystem; Web3 game investments","Market data profiles show fundraising and investments; best known for Axie Infinity and Ronin ecosystem.","Investor/network path, but Web3 strategic fit may be low unless your game has community/economy hooks.","投资/收购信号 12 / 产品契合 7 / 发行/UA/LiveOps 14 / 战略协同 12 / 触达可行性 5","Strategic investment; Ecosystem partnership; Referral","未公开公司级邮箱","Use official contact/social; avoid generic token/community support channels.","https://skymavis.com/","Only approach if open to Web3-adjacent financing/network, not as primary publisher.","Wave 4 investor lane: seek warm intro if other funding channels fail.","Medium","Sky Mavis official site - https://skymavis.com/","Messari Sky Mavis profile - https://messari.io/organization/sky-mavis","SEA game industry report reference - https://www.mdec.my/static/pdf/digitalcontent/SEA-game-industry-report-2021.pdf",""
"38","C","50","Gambir Studio","Indonesia","Indonesia, global mobile/PC","https://gambirstudio.com/","Mobile and PC game developer / publisher","Selera Nusantara; My Minimart Empire; Knight vs Giant","Official site says founded in 2016, 13 games and 10M+ worldwide downloads; directory profile lists 20M installs.","Good Indonesian mobile F2P peer and referral source; small buyer capacity.","投资/收购信号 5 / 产品契合 14 / 发行/UA/LiveOps 12 / 战略协同 11 / 触达可行性 8","Referral; Co-development; Local network","info@gambirstudio.com","Directory lists info@; official site email is protected/obfuscated.","https://gambirstudio.com/","Ask for Indonesian F2P publisher/investor referrals; possible co-dev if buyer talks lag.","Wave 4: short founder-to-founder referral note.","Medium","Gambir official site - https://gambirstudio.com/","Gematsu Gambir profile - https://www.gematsu.com/companies/gambir-studio","GameDev Outsourcing Gambir profile - https://www.gamedevoutsourcing.com/company/gambir-studio",""
"39","C","48","Mighty Bear Games","Singapore","Global mobile / Web3","https://mightybeargames.com/","Mobile and multiplayer game studio","Butter Royale; Mighty Action Heroes","Singapore company/profile sources describe a studio building next-gen massively multiplayer online mobile games.","Gaming VC-backed studio network value; buyer fit uncertain.","投资/收购信号 8 / 产品契合 11 / 发行/UA/LiveOps 12 / 战略协同 12 / 触达可行性 5","Referral; Strategic partnership; Investor intro","未公开公司级邮箱","Use official site/social; Play Ventures portfolio route may be better.","https://mightybeargames.com/","Ask for investor/publisher referral if they are not a fit.","Wave 4: approach through Play Ventures or founder network.","Medium","Mighty Bear official site - https://mightybeargames.com/","Singapore company profile - https://www.sgpbusiness.com/company/Mighty-Bear-Games-Pte-Ltd","IMDA Pixel fact sheet - https://www.imda.gov.sg/-/media/imda/files/sg-digital/annex-e---no-embargo-factsheet-for-pixel.pdf",""
"40","C","46","Streamline Studios","Malaysia / global","Global co-development","https://www.streamline-studios.com/","Game co-development / full-cycle development / live-ops partner","Upin & Ipin Universe; Bake 'n Switch; AAA co-dev credits","Official site says 25 years in continuous game development, with co-development, full game development and live operations.","Operational support rather than buyer; may help preserve product if cash runway requires co-dev or service partnership.","投资/收购信号 8 / 产品契合 8 / 发行/UA/LiveOps 12 / 战略协同 11 / 触达可行性 7","Co-development; Live-ops support; Referral","未公开公司级邮箱","Use official Contact Us flow.","https://www.streamline-studios.com/en/who-we-are","Discuss co-dev/live-ops partnership if acquisition talks are slow and product needs continuation support.","Wave 4: contact only for operational fallback.","High","Streamline who we are - https://www.streamline-studios.com/en/who-we-are","Gematsu Streamline profile - https://www.gematsu.com/companies/streamline-studios","GameCompanies Streamline profile - https://gamecompanies.com/companies/streamline-studios",""
"41","C","44","Ranida Games","Philippines","Philippines","https://www.ranidagames.com/","Indie developer / publisher","PBA Basketball Slam; BAYANI; Vita Fighters","GDAP member page lists game production and publishing services, official contact and company address.","Reachable Philippines studio, but small and genre fit weak.","投资/收购信号 6 / 产品契合 8 / 发行/UA/LiveOps 10 / 战略协同 10 / 触达可行性 10","Referral; Co-development; Philippines network","info@ranidagames.com","GDAP member profile contact email.","https://gdap.org.ph/members/ranida-games/","Use for PH publishing/referral only; do not prioritize for acquisition.","Wave 4: short referral ask after primary targets.","High","GDAP Ranida profile - https://gdap.org.ph/members/ranida-games/","Ranida official site - https://www.ranidagames.com/","Steambase Ranida profile - https://steambase.io/developers/ranida-games",""
"42","C","44","BattleBrew Productions","Singapore","Singapore, global indie","https://www.battle-brew.com/","Game developer / publisher","Cuisineer; Battlesky Brigade; Love in Tiny Spaces","Official site describes Singapore-based creators; FAQ says team has 10 full-time members.","Reachable but likely too small for acquisition; useful for Singapore network/referral.","投资/收购信号 5 / 产品契合 9 / 发行/UA/LiveOps 10 / 战略协同 10 / 触达可行性 10","Referral; Co-development; Indie publishing advice","hello@battle-brew.com","Official site writes hello <at> battle-brew . com.","https://www.battle-brew.com/","Use as Singapore network/referral if needing local game-dev intros.","Wave 4: short referral ask, not KPI-heavy buyer pitch.","High","BattleBrew official site - https://www.battle-brew.com/","BattleBrew FAQ - https://www.battle-brew.com/battlebrew01","Gematsu BattleBrew profile - https://www.gematsu.com/companies/battlebrew-productions",""
"43","C","39","Mojiken Studio / Toge route","Indonesia","Global indie","https://mojikenstudio.com/","Indie developer acquired by Toge","A Space for the Unbound; When the Past Was Around; Divination","Gematsu reports Mojiken is a Surabaya studio and subsidiary of Toge Productions; official site lists inquiries contacts.","Not a buyer; included as evidence of Toge acquisition/network route in Indonesia.","投资/收购信号 9 / 产品契合 5 / 发行/UA/LiveOps 8 / 战略协同 9 / 触达可行性 8","Referral; Toge network; Indonesia indie route","contact@mojikenstudio.com; mojikenstudio@gmail.com","Official site lists both; for business sale, route through Toge first.","https://mojikenstudio.com/","Use only if seeking Indonesian studio-referral context; do not pitch as acquirer.","Wave 4: reference only unless Toge requests studio-level discussion.","High","Mojiken official site - https://mojikenstudio.com/","Gematsu Mojiken profile - https://www.gematsu.com/companies/toge-productions/mojiken-studio","KAORI Toge acquisition report - https://www.kaorinusantara.or.id/newsline/200246/toge-productions-akuisisi-mojiken-studio",""
"44","C","37","Ysbryd Games","Singapore / UK","Global indie","https://www.ysbryd.net/","Indie game publisher","VA-11 Hall-A; World of Horror; Demonschool","Singapore company listings and industry coverage identify Ysbryd as an indie publisher based in Singapore/Britain.","Publisher credibility but weak mobile F2P fit and uncertain investment capacity.","投资/收购信号 8 / 产品契合 5 / 发行/UA/LiveOps 10 / 战略协同 9 / 触达可行性 5","Referral; Indie publishing; Network","未公开公司级邮箱","Use official site/social; verify current submissions policy.","https://www.ysbryd.net/","Low priority unless the game is repositioned as premium narrative/indie.","Wave 4: referral ask only.","Medium","Ysbryd official site - https://www.ysbryd.net/","Singapore company listing - https://www.sgpbusiness.com/company/Ysbryd-Games-Pte-Ltd","IMDA industry briefing reference - https://www.imda.gov.sg/-/media/imda/files/industry-development/call-for-proposals/call-for-proposals-for-sg-games/cfp-industry-briefing-deck.pdf",""
"45","C","33","Passion Republic Games","Malaysia","Global PC/console","https://www.passionrepublic.com/","Game developer / publisher","GigaBash; AAA art production credits","Public game profiles show Passion Republic Games as developer/publisher of GigaBash; Malaysia-based game studio.","Low mobile publishing fit; useful Malaysia network only.","投资/收购信号 5 / 产品契合 5 / 发行/UA/LiveOps 9 / 战略协同 9 / 触达可行性 5","Referral; Co-development; Network","未公开公司级邮箱","Use official contact page/social; verify BD route.","https://www.passionrepublic.com/","Low priority; ask for Malaysia publisher/investor referral if there is a warm path.","Wave 4: referral only.","Medium","Passion Republic official site - https://www.passionrepublic.com/","GigaBash profile - https://en.wikipedia.org/wiki/GigaBash","Steambase Passion Republic publisher - https://steambase.io/publishers/passion-republic-games",""
"46","C","33","Anantarupa Studios","Indonesia","Indonesia","https://www.anantarupa.com/","Game developer / IP studio","Lokapala; Indonesian IP-focused games","LinkedIn says Anantarupa aims to become a foremost developer and publisher of IPs in Southeast Asia.","Very low priority due unclear financial/strategic capacity and local controversy risk from public chatter.","投资/收购信号 4 / 产品契合 8 / 发行/UA/LiveOps 9 / 战略协同 8 / 触达可行性 4","Referral; Local network","未公开公司级邮箱","Use official site/social only; perform extra diligence before any transaction conversation.","https://www.anantarupa.com/","Do not lead with sensitive metrics; use only as local network fallback.","Wave 4: hold unless a trusted intro validates current status.","Low","Anantarupa LinkedIn - https://www.linkedin.com/company/anantarupastudios","Anantarupa official site - https://www.anantarupa.com/","Lokapala public reference - https://play.google.com/store/apps/details?id=com.AnantarupaStudios.Lokapala",""
